1.9139298730506407;0.07769491398184722;0.19954891537427455;0.9165505944080129
-0.4325784223287384;-0.024790935271918408;0.6763465095038047;0.24641675197217677
0.3588250478730268;0.17545430882673366;0.5213211266300313;0.8627562827797464
-0.9687804985355117;1.7184772731838818;0.8816738930699457;1.0873210939878586
-1.29569815713465;-0.0947345061782334;0.06626872732765168;0.31061034363956663
0.73153699165572;-0.5448008494194937;0.7105325175330104;0.8352151093215331
-0.9019115228785005;-0.02694578802007327;0.9128201937888175;1.0972252629244232
-0.022074324233236697;0.540376210642392;0.7290263340033901;0.7712218025788949
-0.9792689145951464;1.4065359655237561;0.617622814362268;0.8518647537979891
1.2168411539917063;-0.12719135035345458;0.23150582981832662;0.8712344311768685
1.2018916016311072;-0.13147337859439395;-0.026382876844884228;0.6645292802251083
0.2590374582197725;-0.2154735785709046;1.002133743687664;0.7075502432366225
1.0633945819836041;1.6922707506990355;0.8034343215479367;0.3622220617679656
0.5829430624434945;-0.9559024615766916;0.5239484870563527;0.9326098782099357
0.13938023354428533;0.2851259159147483;0.7427909949916968;0.2657910062891003
1.6454592338503735;-0.5217993136729702;0.49924683161352695;0.0852434216266792
0.9810775111221915;2.109890641106697;0.5123257538834555;0.08866009448148104
-0.9058946631265536;1.4719182251972092;0.47049437247311343;0.5793941489387203
1.8925887476259031;0.017297239882683564;0.22929770154355036;0.19597397763990634
-1.1120712466409606;0.33111629550986843;0.17224547796793338;0.43320707615955106
1.6433597414549466;4.827546389963921;0.5826204847215577;0.17030378499693913
0.19407408903468776;0.892341308465466;0.914679604148658;0.8631944422877624
-0.28558932743263765;1.954209850795449;0.04096226687414936;0.2728476203030245
-0.6917223291252059;-0.07682564485248841;0.44734965109778746;0.8438636278542003
-0.7350022350898803;-0.11533107374506012;0.179246234977257;0.7618736965764298
0.890587120502738;-0.39590097866336826;0.1756963859961878;0.4301638681677063
0.19184674249421024;-0.12796173535902405;0.9573418796960235;0.5827789618915195
1.01576147156168;-0.4035674341146411;0.7594269915236594;0.797707976418017
-0.6198367177227097;0.8127153473256772;0.00401646424506906;0.33798210987194677
-0.47802779896549913;0.25653371030647115;0.18313163288147458;0.44742438237929905
0.5332703106884984;-0.026530640932020174;0.48409743277671435;0.46323483413789085
-0.12799520148099305;0.16370590009490107;0.6598799446470277;0.2796579379134734
-0.46057460614608464;-0.4883799817511339;0.46984034210044834;0.46464027939442115
0.8716526650477909;-0.39405864898569287;0.6229564978118147;0.31543411842709135
-1.1783329304820944;-1.2422506570093221;0.8872938341667653;0.6939992440512538
0.9227137944879362;0.17787781605207115;0.5190669967918807;0.9259643726004111
0.8251413520002198;-0.6468381457914971;0.9025733989753288;0.5272575377951355
1.4449386943368985;1.9941595527469578;0.20194095939088944;0.7897009604818148
-0.6625082774240952;1.2067924060951785;0.32140445673663026;0.5281837363932493
0.5642388120400811;0.9355791048379745;-0.015263813451966583;0.06623144458876469
-1.7552942998280225;-0.04421963901626239;0.9281975510179482;0.7705985215027122
0.16209432913870006;1.3572237745650841;0.8507990542646652;0.17847828357464285
1.3639428410038354;1.6112005211104925;0.16406279685475855;0.6962258908299904
-0.8834991037411686;3.632707875213967;0.8505465128793778;0.3802000632401301
2.1583448531283276;1.352018627344049;0.4074299215608935;0.2783353305820204
2.4975114851703557;3.0294483786350797;0.9424789421834104;0.37315269264717915
3.650835419506032;1.4683517973423457;0.7789372155933924;0.03488712276668929
2.253922471704063;1.1066171877296849;0.07426753804527161;0.314494659474532
1.3307604239904487;-1.1474380023699229;0.0467910187877899;0.633042016283412
0.8491760397461221;-0.3237675288965344;0.05341056450066229;0.5977198462958335
3.3649952926389672;2.0652025655930046;0.7862840479513978;0.3684995046340264
1.8927295493983387;1.342951880129455;0.3297754846389444;0.6837611665157498
0.6126336074896785;-0.8078751012907475;0.30943032459365255;0.29780403634669916
1.7086368339075473;-0.4805491470563415;0.039146106681131596;0.4270854892058076
0.24658080093059373;0.36485686654693944;-0.04493292661721912;0.6168530029656355
-0.5286362899841143;-0.08576628196735846;0.010998953107978483;1.011632719430472
1.019437001833283;-1.512791495759423;0.1100350240574556;0.6481479304135983
1.0847378086694164;-0.17200673878883224;-0.04444359428427053;1.0154663668235078
-0.3584090256718165;0.07497071339222232;0.34264830575806515;0.20321462666115728
-0.14449563818068153;-0.19206575386908523;0.35117126677222654;0.36093791725913826
1.2921321214475765;-0.022597697413004405;0.6890263239311641;0.48484529295455603
0.0900938563724554;0.2174619872693348;0.6455733426404596;0.0404262252567258
-0.051540061397498164;-2.1007084652837027;0.5578481746643695;0.31804302273260493
0.7006496105755079;-0.7662417975917841;0.5041336071356325;0.03604807109942223
0.8340206874985889;-1.7706329018724185;0.5020129741874592;0.027851970761933496
0.5713638581322537;0.20912054971049782;1.0737635882495848;-0.16461470847445747
0.6569395682021991;2.9214426449979007;0.9594879042493372;0.7328991110739825
9.830981198637256;2.42365958273171;0.8501582503396329;-0.23218461999133533
2.6146905239966602;0.9577630386170604;0.33641195735987534;0.24997118729538487
-0.4055093823113738;-0.4651682418998286;0.3348397298399268;0.18766233417845796
0.837729906635417;-2.1675732194644137;0.8358936867995996;0.6745247782581764
-0.1563858112804376;-0.3319584593505446;0.7966848025059562;0.4334115169190085
-0.7746615025584853;-0.44560703639980676;0.47749665722311396;0.023917680024243482
-2.6216538266027185;-0.7919287198700304;0.7234822677215286;0.20251332078447976
-1.7369624176099048;0.6883533274111406;0.3434660040101378;0.206494962286974
1.2442667710154411;1.9332543734164014;0.6068866404316368;0.5311022495088678
2.2135996034940817;0.5431769768445054;0.8582852134859156;0.5191542601877138
-1.1056598969306846;-0.13799764155820984;0.2268967584262065;0.35742628953755806
0.1954677781138493;-1.1664255493979365;0.7050473107296318;1.0893752950688955
-1.5662139254592835;-1.4389616002531094;0.3063540929870766;0.6960316852407831
0.44062226311613584;-0.9466540951453652;0.9561070457713783;0.8102508173814846
-1.6350837283076256;-0.25497409443785024;-0.022253779908731168;0.27605809324904257
0.3333896229834326;-0.29077218550068834;0.029012743658694454;0.9157151870094443
0.12863784176478088;0.4794781114863197;0.7842593679876995;0.11439986610528069
-0.3266847080067723;0.45205483420078835;0.579162689386178;0.5922477236462911
1.0600004611760392;-0.49390544015044474;0.4759568292877713;0.3273529157212235
-0.22530112246587633;0.5759129407239029;0.643689124793788;-0.01068100318061666
-0.8993728317146488;-1.0294006910635587;0.045996150935332616;0.9385230761964964
0.24429164436108336;-1.9938953512649946;0.06145131393221518;0.5168020857306266
0.702416125249721;-0.45172038179132395;0.21912201772959386;0.3777852542166595
2.542833926391861;-2.8530122619368146;0.909034427894805;-0.5694746890799404
1.1012486257018035;-2.834015275680799;0.4849320666188459;1.0445148628958898
2.6271628689943913;-3.562967418241474;1.080551151844646;-0.01938813858821724
-5.5748122413906405;1.5682217246657748;0.9203205253982929;1.3305906512065395
-1.5005927969747765;6.356795432320691;0.6349736577016913;1.1572003390687033
2.4559059128505485;7.36527150417005;0.9822538622788154;0.4802614264663132
0.7017875796942946;1.730537136426537;1.0447877802878454;0.23379239949455027
-2.926509931130749;1.5434812499676693;1.1417341128149814;-0.108940030490518
-3.436744053380228;0.18793259842840312;0.825840574145873;-0.5335084950578592
-0.20111739744837312;0.19980697349946885;1.3732530873956372;-0.2148025990921602
-0.013983375019155388;8.469601638721848;1.0620580274140174;0.11621615386537092
4.392947312626928;6.70497816651628;0.3951455831339006;0.8195294149182905
0.0007576172534001475;2.1930719151123146;0.2951532037734994;1.0080787616135207
-4.150253109406878;5.929865935891851;0.07836849514532221;0.7633503656364703
-2.126878967940644;0.476268207745561;0.5633243301060071;1.1647287367918782
7.424748869340349;-7.843978200633561;0.29156673521417853;1.5402802149465133
4.910404454818125;-1.6983597921682763;0.6047003527510224;0.8871819801179077
3.2534204697182973;2.5560060008162835;0.09008514458350389;-0.026904407208677327
1.062913524879718;-0.8283237527941353;0.0009705353864379101;-0.32409671483142605
-1.0613562212169454;-2.098582132792176;0.45517282146744015;0.1831552040740302
0.8865935301288429;0.3703577167616564;0.9847279566911074;0.3299821026249232
-0.4628995925479754;0.12785761888632347;0.9148404199842279;0.3941498461490548
0.31092814628783655;-0.36405262815736217;0.924741585435693;0.8889052473240426
-0.3034281999286566;-0.6214468847789725;0.769821990117674;0.43139873969134523
0.5375256238355938;1.301264670413424;0.29219012883203743;-0.6659234657046588
3.616799811134268;0.32667270767064577;-0.02052927209493495;-1.074398909027939
3.759049214911203;1.3557026840777466;0.47947220717042227;-1.369434876923334
-1.2436779335996513;-1.3922177700307359;0.3834458242722381;0.07978093494325675
3.781043733749557;-8.806027679395513;0.2561730701848924;0.41165078429158225
3.2845542179472758;-14.804874918057497;0.2221962541676967;0.5439162840557484
6.845313722055578;-11.7894128042988;-0.3217545780299196;-0.10408054194155403
-11.299006119779785;-3.5624489679581344;0.6806904688519031;1.858756094885925
-8.586445911381592;7.235338892306332;0.9397226008499041;0.9468230996846524
-0.584940097884809;10.087900564739765;1.0271637403995961;-0.5033613422468399
-6.568892744771694;6.02489210010905;1.3222725867900422;-0.7568256122463125
-5.151266921769764;-1.9034852592863662;1.6901424310637947;-2.6584310924822985
-0.38902298793942885;5.30628165670108;2.012100061398958;-5.49592066654705
0.838967173091263;5.995529058826458;0.6377171162072112;-3.6636849021909828
-0.4863937415942953;3.810933302136468;-0.23018372207480334;-1.9293621724804515
-1.0494943665274217;7.1399192887739105;-0.25164374900352315;0.7479765894301937
-6.686382558324966;11.25226307851759;-1.2273942556734336;3.026531188394765
-10.051062332692078;2.771167266833322;-1.5183283473296019;2.024311577436976
5.567129663405549;0.8896734137484315;-1.0325058698727623;1.6706600244624457
7.756914661368253;2.7691980002323886;-0.2789563180328357;2.375272816197159
2.8207002500920226;-0.025862223573523406;0.2656220745027132;-0.30776993878756326
3.2727306525437956;14.539807995320956;0.9655380152742589;-0.4698629546750321
3.227399202455979;-4.174463011266067;0.5079197875842113;-0.04723187325001503
-0.8831217452564244;-4.373297688307213;0.4407889083163963;-0.4384556484454346
1.3524767337085786;-0.5908574660941983;0.387729308022727;0.5344064339472375
0.10961723042255528;0.1069194718126595;0.46251753726789313;0.1995885564674821
0.3552340850681073;0.5969918182558416;0.8024741009766029;0.44067309057215737
-0.4788142298327043;0.6155654824732261;0.0970758335825395;0.4666983685621576
0.8454018266133977;-0.44376706066450455;-0.552765666809815;-2.212732694272312
1.753851474939262;-0.4111648403221685;-0.5240836172220534;-1.7744554384270137
-0.939708908907297;-1.48606441007283;-0.9874442864457638;1.0116475941922178
1.6518288339206395;-9.811132781503002;-1.0027109604928006;-0.7021953937565856
7.079539929061557;-11.262431644533997;-0.7744212889591551;-1.4860593610289183
7.274652203166479;-4.261230323907666;-0.49888505277500345;-2.34297507697665
2.181840129117625;-8.190279345312058;-0.9493075280706909;-3.5682383461795393
-10.271893342391786;-3.285383921256241;-1.2978486315151463;-1.893135094523453
1.571142325587967;-2.879839365646251;-0.8857385615725694;-0.8782678561917756
5.604413729043656;-1.206291516064879;0.8734137041779996;-0.09022616051920371
-2.8664110532361056;3.780439609506895;1.9380370197791834;-2.365954654458523
-0.8709351620345337;-3.577108672840046;2.1888249042634995;-3.389274195624591
1.469437844318268;7.039019957819805;1.757878401310378;-3.402366513375287
-3.956857518744573;7.981789250971059;0.19662751267614692;-2.369798783669484
-8.12703924080204;4.738576121468063;0.1396984253614165;0.4267592980893764
0.8142079985791973;-2.1715169614619;0.04555350108951366;2.428726066090895
-12.622724299477643;-7.583396710648244;0.04606740328239225;3.150050360314484
3.4266362556584777;-1.8557429028245431;-0.39425031567063207;1.5448583874942927
12.26023545294943;3.73325764699998;0.3597766643527202;-0.37338123408803187
0.8453118898569234;6.213289286933695;-0.28717701931671874;0.052982697293468835
1.5625467200709298;0.23244632667217516;-0.5582352786266729;-0.7999079192323956
3.2399521931334494;2.3969985993936858;1.0239423521560385;0.8392927013143522
4.618532278177789;-4.620648359521883;0.9925938145096623;-0.9970079429901516
-3.055524894437104;0.10023812035342554;1.1465470134569433;-0.5504404132171266
-1.697678392833489;-1.4314214608702196;0.14644009413256537;-0.31387539696082983
0.5061852295319818;-0.11263462979592315;0.12481705994303109;0.30327799662170757
0.9830080739206106;-0.33464460505686155;0.18312594672667445;0.17914930846058358
-0.5537668453775945;1.0742469294898127;0.23674469195737988;1.307203995735554
-0.43379797628082234;1.6513497418208165;-0.7303704679720429;-0.7140952096555183
-3.0252757407428015;0.5972721383039185;-0.9895299840061865;0.5237431745556578
-3.1796774291359062;-4.807915371719028;-1.241352759174087;-0.07656502750216987
2.7244324908116275;-9.276081141693528;-0.8030622205783612;-2.3135809120139443
4.913210087601209;3.0039616414630403;-0.6267475677026364;-1.2849893795381202
4.722260348269012;3.798115362486884;-0.22299552957390226;-0.3058364071660026
-8.02077343634991;-12.092247871629178;-0.35579326335345396;-1.2503746446279462
-15.423029395898626;-5.210690656436207;-0.6716111077466445;0.8355284049410456
5.007794701939972;-3.9138701556223574;-1.0443023687440232;-0.6476185670087712
0.056403683633467844;-10.906746384462854;-0.6356756419543882;2.695543943671659
-2.8943704032483577;-10.792318109949191;2.070004835953606;0.715250555655944
1.4957622010836966;-4.051278111916322;3.0017524197496197;-0.6355167829998155
-0.7287530614436614;-0.9547283138302807;0.9626100026478438;4.050019059655278
-14.407793550088865;-5.455951422631945;0.8386292936885354;4.108298753000528
-2.5637174910529996;-5.939077146134392;-0.19192267324405107;1.724905543820329
2.0124083931535206;-2.085155771027115;0.45701061970313306;2.6073806786374827
-2.4981533007666608;4.018195987433094;0.38667533116222064;1.8995927658823935
25.080479039566228;6.112326888613718;1.054451767815695;0.22894581221480287
-1.1074391704504645;0.21587640912916894;0.6006593846279167;-0.5972132463122036
-2.3138240228765157;3.2947080000931566;0.2634369604514229;-0.47553541993468956
2.913913291882358;-6.890492430365633;0.435948767895138;-1.5671328178397816
-0.11533124312613187;10.853722745028731;0.644410618833216;-1.6873645759035745
10.38466702157881;4.334504557878294;0.30308141872166167;-0.7705609117984984
-2.183345013545067;6.874537154620398;1.2518377129673477;-0.6973291383670696
-2.9033293836419647;1.1450696881755904;0.10060445939263718;-0.5892755814100493
-0.5305243964731068;-0.3150603494863662;0.5101518525796194;0.9031405138066366
0.5931885756468093;0.12519342750540038;0.4033699768140711;1.0129988144236117
3.2832408653843803;0.8717631459384432;0.7062332144734798;-0.6498458153127027
4.858068727317203;0.804114739115076;-0.5647246711513105;0.21888639415929428
-0.10559698451398922;-1.9949987073292517;-1.9651355562552184;-0.4808220565378265
-2.145504927698684;-4.666855633520003;-1.6167082782139817;-0.0807694402919497
1.3765319591240586;-13.464770579728079;-1.3075880635669157;0.8496918983811169
2.224289136902537;1.9670508700140774;-1.3922928635020009;1.916627735147959
5.049416037542472;-2.5923693037040407;-1.049315497703153;0.8242709806956493
13.109040694939512;-8.830396688169479;-0.9933612152179196;-2.1545153775615367
12.288096916395629;6.571909001972289;-1.1846165070915171;0.1342509562364093
13.534551567040685;15.461917537994541;-1.0517313221896374;-0.5864444069553743
1.664228839596554;10.762023119705171;-0.4966665060052436;2.4635238346640533
-8.238443151327221;-4.704623547872066;1.1550996823262212;3.3369744263318326
-10.471000339088844;3.0683067214513646;1.3899685686237755;1.2636057039719735
-6.748774135866165;-0.8476194265285643;-0.9302089498644185;5.583121528411325
-5.023896026076542;2.4237318151003926;-0.2257967365232138;6.6035189478582295
-3.895555382364397;2.625375847436306;-0.9335183230097112;0.40391968171579185
-2.978932901067564;3.9294444346975674;-0.9234440171137817;-0.13801307423326561
-8.05300554350553;-6.387001041313678;0.528082996023724;-1.1742270249024622
-11.308179773780273;0.02357675789148311;2.400495359512618;-1.7125640344255453
-22.801972604914372;0.006199103070092945;1.5968239591062239;-0.7923829943699258
7.157373113391888;-0.08373257129980771;1.6022859270737637;0.08152059155467263
0.18130743811848002;-2.30714368581373;0.11052397588783265;-1.096784273111533
-5.1172482450663;9.462393429499173;-0.3437449146078677;1.2726770676783548
5.849554340285291;-1.4049146952497822;-0.57503950410493;1.4395984760377138
1.5549691237474934;1.9653415284880245;0.5151086051108693;-1.133268327795318
1.3853690164050902;0.7809609650112872;0.4504941126850398;-0.92220934858511
0.20955400665862073;0.5371512627441725;0.4918208753610555;0.7910025307010266
0.7335003020376524;2.386765518963002;0.0651259527962943;0.6634596590974563
2.825896423262612;1.5009215483219667;-0.029240795854607555;-0.5777395709206659
4.137183851824619;3.8727590948441177;-1.083729183510531;-0.303452246935169
-3.440191186381137;-3.3254513511273127;-2.1195414286633336;-2.1358821233461986
3.3154034661920204;8.813631339463653;-1.9717829535688234;-0.7502035142549878
-3.1320869196545096;-0.08796689715302257;-0.55853695731501;2.3991873036681546
-0.7303366812194928;13.45561246787973;-0.09214385212550516;-0.3874982902759313
-19.178509555285004;0.634187379854963;-0.6087818237156873;-2.880938942051027
-12.833256776483426;-11.340090958267902;-1.354311898756206;-5.729692408078342
1.6243956732979572;-5.430758803986799;-2.0470187401841438;-1.7618874758680003
-11.25433130620274;-9.853065367326492;-2.514840494775136;1.972828711771259
-4.067952830936393;7.962144662099255;-2.684764615974185;6.4621490298797
0.757591550176503;-3.8984355081601447;0.8465254692865403;5.486528540912079
-9.144710863820773;7.034861196377944;0.5330420560261478;3.8752833729703813
2.870122466643431;-1.1905635797330003;-1.957465370823067;6.950186186896996
-5.372053969986107;0.6455660897588712;-2.09849036722485;8.225122123931001
-11.22810200977559;-5.915581675381954;-2.8354941209330886;2.3005910652205626
4.639698860074267;-7.03739243366039;-0.909547952737356;-1.0574817378897017
4.1913604458996065;5.992916385070581;0.5737040638846659;-0.42806400623749336
-11.796568823327775;-4.3036630431751055;2.656081097706762;-1.1642301189825743
-1.4098436520838997;4.380450648936317;2.1474735608540283;-2.8925494573376103
9.59033817895664;-5.1358693470425125;1.6997247571671918;-1.6859806475771162
2.5003793096605467;3.344631817563405;0.08130684796596155;1.2614305199960623
1.418645011209791;14.075895200890159;-0.7984320930386541;-0.45362894938666704
-15.48097961469391;4.042040632888016;-0.9423414750539765;1.172021131130098
8.218516768378107;-16.471886568399633;0.23661337333684349;0.971242375769826
6.330474096287763;2.2381918434817836;0.1423575172172948;-0.6518638863001399
-0.15937867218374424;-2.4515584597936133;0.5986975269492476;0.9283940479632966
-8.242621768866739;1.9210361059737013;0.20841457906652022;-0.42618340706947444
2.5756628875533223;2.0372453164515694;0.6894044041756856;0.0268127692306638
-1.7053199923007722;3.939022967139543;-2.054185146947648;-1.1750987054615214
-4.006488624549605;-2.4077820094261;-1.838103939376046;-1.9954840589075067
-2.842381998590791;6.064281405080701;-1.1137246781370216;2.144251695913986
16.332799733628786;-10.233954846847638;-0.44967631331006286;-1.4389027209629175
4.610615213634934;-2.1342760076921214;1.0035049737148702;-3.1658568686446404
-2.644252913699935;1.8144509598349037;1.0486275253531374;-6.377210916282441
-2.626799663996289;5.65281595926136;-0.6754171609612695;-4.808349140826316
0.20209995320666194;-21.90322492981674;-2.299038597052883;-1.5264913422439808
10.236723937812458;-5.6529439974669105;-3.258656801816721;0.267395489296028
-3.779150936758206;2.8533240224860577;-1.7809543896871052;3.1349299317375103
-19.059416353790454;-3.845529121454572;-0.6442859884245155;0.7242485163086074
16.271948386246105;2.695665364612852;-0.38007822561000315;-1.0817844214748134
-0.30336219668999853;1.6779089062658343;3.0903263721142324;3.125791589426636
7.03106660885408;-3.1542987545245835;-0.6792194936902467;5.3963924137286
6.840377514913862;-7.430756496013691;-3.0268233520696306;1.6484760726224041
-6.648487907639057;10.680976700582063;-0.14400475066810053;-2.087802765292904
0.07583276903406656;-12.65761162881678;1.7180550371417445;-0.8325853560039062
-0.26818814273348174;7.247197037398252;1.4190110984779216;0.3081572793348724
20.36826675764092;14.035558280586692;0.8402094759632116;-1.9336425821925631
-7.229717613733719;-2.1522842694366178;0.914446868686708;-1.374198643832848
2.7199210511913847;-1.675533860524996;-0.0808047731376491;-3.2895290762725566
5.408823259132893;5.596957294602191;-0.12816988086672879;-0.5753790683404275
-9.513097266713874;5.966257529181183;-1.1439378841919163;2.263359126944084
3.340670310923446;-11.898399270685257;-0.247705994059671;1.240385183287965
10.931066781050205;12.570209027614254;0.23598602318761147;0.3054348295217034
3.4792656214354993;-4.969774049204407;0.6389261728299654;0.23417062539791453
-0.07279037832595664;0.9863479805415781;0.6510401574869863;-0.1841945935413345
0.5442695588955738;-0.30589965867239055;0.5162213186408641;-0.32798117501852814
-9.068416489190705;3.4931427762099703;-1.3295834506562134;-2.0729999186805004
5.137138225196868;-2.40339914160579;-0.9838071993577573;-1.7830447429691976
-4.6731015474367545;-2.546030428837468;-1.0473366649012223;-0.10628494507889795
10.336739158764882;-1.946719934491235;-1.2141109570604456;-1.0273016311362728
4.022671842533207;-3.933489013582209;0.22459238955144986;-3.6819867040936987
12.083764934653248;-0.05676067675581822;0.9350858783365058;-4.421755156694357
1.4358938862812705;2.4766092911978643;-0.20947775922780695;-1.5626524431848339
-7.565446735304479;20.165098125644217;-4.111654218471362;2.3232690193312684
-1.0187961369158067;-0.13249709251975758;-1.4650266108251913;3.5674831507931257
-3.886765868762268;1.4099935938512116;-2.5971864400318108;1.6894998086818653
-17.626286871424355;-0.3692764978594494;-9.015013824532993;-1.2559709489026472
-1.5022472457927267;0.3713279422371072;2.8538922930456327;1.7331100603956893
-2.2548433294016177;8.148064159498182;8.21119154891678;5.123252219444907
-11.190080898106217;9.152970405853667;-0.7737562344280173;-0.9635477358187028
-6.882259959351125;7.935164855519029;-2.3566859849496344;0.10115055470785846
13.503179199494712;1.2523417591624415;-1.0043152093417516;-4.002308043485561
-7.593035249751854;-5.920443896355173;2.8073924567008697;-0.8602310170269335
-4.455389904240843;-1.0170791472405247;2.8269903804965533;1.4986058568080807
-14.906873854238597;10.310577301228813;1.5111515825506898;-0.08630518239563037
-4.174277667199077;-16.110145011636213;0.8290867327553298;-0.04969475520332253
12.280712170522214;-1.6138225729519313;0.40086893869563667;0.4593388213120897
-15.614622370694747;-3.586673839745863;-0.4657928063421451;2.4089254451577933
10.425879219196322;0.9914600775315282;-1.0618071929197066;2.1872846141183837
-3.361219326298875;0.818970144984336;-0.3026538649777865;1.4705967388650523
8.245577387845364;8.472507247707496;0.46643032154789166;0.7647109804050318
-3.772721382283472;-0.26662669035398084;0.6641188531607309;1.2521292843058063
-1.0200030756280574;3.980940282081848;0.4585954716103984;-0.4459537491697039
-2.949570680231813;3.9059726659130205;-0.11983114223657491;-0.3935698531522903
-12.925034221132794;-1.0086097203427584;-0.405888200391618;-3.2141971239734426
-10.679149689694963;-1.4380284961441911;-0.4757664438459077;-0.32757249981199144
-3.865567312675656;-8.872549669254663;-2.011740664432446;0.3278015975827399
-1.7892932010876403;7.26391482188023;-0.7574399585020667;-0.42307405276048765
-3.8472296367135446;-7.6082398715749395;1.0833541487931968;-3.7761934447349477
6.713441234262622;-12.710013836089814;1.1632622553327165;-1.8260144236043612
-8.76850151887286;6.8465560225494535;-0.9405647670579897;-2.7405007105191275
-15.183277194312815;-4.899773306006504;-2.4166146841568894;-1.2483246565851855
7.971265476309723;-7.206419377300846;1.4981871045112884;-0.406452226813895
1.342897863980851;-19.10185185977341;0.631809237781615;-0.7499896294836866
-7.292028503147643;10.953010244902556;-6.967223489245049;3.3523275217686925
5.001874617727298;2.0092387684583537;4.705237924523175;-1.708472128318801
-14.314368786561735;-1.6574104205693059;9.04824044983245;6.37746230944024
-1.8534009426157083;0.27385153385576155;0.6393516994633487;3.3832957314434386
-6.750964794139416;-1.2648506830683774;-6.021373579930004;-3.6203799027267443
-20.02698228888628;7.326465526089933;-1.225681381429653;-4.808486909892233
2.1599653948749578;7.389424947424965;5.2539050027581995;3.1697492409761256
2.4677797922994826;-4.3483068824583135;4.384672038800645;2.0862271419507405
15.597324169650364;6.566381125199025;-0.8704714361107707;-6.341969463877691
-13.561494529580623;-0.5161391145540953;-0.5300517616082511;-3.7619682256973115
-3.201578975087166;7.408925366442762;-0.8236928002110379;-2.195658700526635
13.089376115420425;14.325519200766472;-1.1389133955873327;0.4390032178059591
3.724143292953205;-9.724208956135312;-1.175859936885659;-0.3511803839895559
-9.120033470290405;4.966440782506008;0.1125219129501431;0.4029152809266288
4.000761245096005;-0.6839881140727706;0.582604900873514;0.6485519644324632
2.751425545656493;-1.3878877460073944;0.044684716413493926;1.0967071175072525
-3.6556843299188078;2.4759144235878368;0.15278139177887076;-0.27812544059076694
1.607740182983725;5.635501067652263;-0.08681094781909122;-1.5573976309583102
-0.2972230966524676;-3.2531303946503636;0.02065566012185079;-2.326385226273442
0.06980269949434625;-8.622841386321232;0.0032258359885969042;1.674198816336601
-2.2325259710675125;-18.66897771907928;-1.662020091550957;1.0820289595502108
2.9865765883139606;-1.8464600743664703;0.9181042003796208;1.1160078713834118
-6.156925102382892;-3.8762035430324295;1.6958703898562866;-1.1569312108485057
5.590022669015171;3.0158376117341836;2.7353648453009476;0.796303010732994
3.7497924828051126;-5.0490675834389345;2.031045683727785;-1.1809894821734557
0.6249273541199252;0.662508326604627;0.9539624676451569;-1.259772232862382
6.638760867903833;-7.530066433900217;2.8647261810960667;-3.762002811472994
-26.558223598776053;5.974489670040291;1.9589155811806123;2.6186816684757774
-6.095887839255986;12.384895759785373;-2.987180608558717;4.170585898670314
-2.212150279400201;13.305525424141207;1.0304961231139522;-0.40791062862275884
12.195797391563456;7.268956864666721;7.817126230496582;8.395331600415716
4.748253250797589;6.802057299878457;6.910769791999464;1.975977229697625
-10.363247147869554;-1.45625945995521;6.603050167462916;5.768425549595508
1.5962676807344813;-1.7807991608295732;0.984439358233371;4.877735440728411
13.500216582788825;-3.13569589621377;2.339609212954113;3.37938121298336
-4.178953313779898;2.227917102681632;6.781003883616151;0.7836495762471876
4.829909624816555;-0.6407856948364271;0.5698478188016544;-2.412712649574958
-2.0204839993335804;-7.323432589866344;-1.1326724192333764;-2.1904942929289803
-4.759727199853151;-7.690902267917155;-1.5804670293690053;-1.4909258721758327
-8.630705180130347;11.31200515229692;-1.360867053034216;-2.195222505055165
6.115895956647476;2.5338554862878606;-0.8450932982421935;-1.7314276170456362
5.769912783043114;0.7531454533485356;0.646869421532229;0.475045904993251
5.164257757267701;-9.232645708639915;0.9524841671830302;0.7356121801773627
3.296959852900212;-3.7630451585218623;0.6254893553771138;0.828581367441631
-1.7346149608597885;2.7228631398668557;0.2942283524610764;-1.3135407961797239
-5.498146006233676;3.0413176736402123;-0.3038097580019905;-1.1758210888459293
6.261616153056144;-1.3886930793540715;1.4275999231521497;-0.2542969723721801
5.625535381923355;1.1221249476025426;0.21899772291953282;2.2429472073540113
6.357509183922524;-4.438778412269143;-1.303276316266416;2.138344712890275
1.9045353918816585;4.24399857879916;0.38146546109540297;1.5445626883153378
-7.018877910737502;-4.131998666675493;0.34674803213068583;1.271241248983994
14.330475221480123;-16.14475513292934;0.9579062746226276;0.6134285378429302
-0.025918587424565924;-0.7622104339679768;0.15235826911548556;-2.9827812194837504
-0.3295052112167622;2.6958623010593876;0.4294648171452919;2.368837519128707
-6.053606833037755;-8.800873623516452;-5.315496632293827;-3.3418481423038395
17.648010163671312;-7.585409986936674;2.0771449578831467;-4.2605080285439545
-0.774578276762111;8.116726211397335;-6.57431946121724;-6.987547992948842
-7.081651767331705;-4.5736869908265945;-7.54982396563856;-0.5294839328175794
8.502981581461901;-5.066301805318654;-4.00889375212287;3.7606042163039626
-8.91297879192372;6.445235986371441;5.770920965090004;5.411832805682155
-1.1855258531191237;-4.257667355129175;7.12320304235909;6.190876196611193
-1.5318948976576028;19.554786062889747;2.9599254936001516;2.593639565659862
3.7925027149133093;11.32204378921655;2.6875615103411032;3.8899101259771913
7.098921666897071;-7.545993113948561;10.251758621870373;6.017871038167252
-7.438488583495268;3.3143338856252216;-0.14582549906316314;5.064726178589611
12.151999871072748;7.05003238532741;-0.949870213834989;2.0198739513633805
-4.860721781548546;14.020329527800662;-1.256668452869182;-1.2903944563076886
3.1438400890131297;-8.911853888593422;0.06474815338811621;-1.9938467227147345
-20.795511033991307;4.232170247663947;-0.08801453250881204;-3.1289770154058876
-3.9125146616547903;-25.971695126906162;0.748958717267322;-0.21442366708504385
10.946267295713728;-8.237334027955729;1.2606247684225842;0.7269269509881162
-1.2192703860293224;0.042191102438305116;0.5971297069818903;0.7791607834570264
-1.7557290326672703;2.813125049819868;0.5375020577299493;-0.42873273351051117
-5.411557608260673;5.6757517227760355;0.7320849118356089;-0.6078737904554781
0.9008761705724091;2.347639693781524;1.7906892451529444;-1.642970974903297
8.800700256839596;9.149550515057898;1.2003792619581228;0.91987077819514
-2.2398487256574113;2.5019963290321963;-0.8462559501281637;1.7307773112773734
0.7252037509260174;-3.4112792833815093;1.3405750025888779;2.137742842541876
3.596849785782206;-3.2295275044571263;0.5185730403737249;-0.8809886742001924
-6.7576872640673775;-4.105774368231256;0.8228347346564294;-0.5639245926335271
6.3899313571289325;-0.21975844684329018;1.1636796555073856;0.21732177624269766
-3.781423418471008;-4.41670880382897;-4.046384095457332;8.392000025735166
28.792738530768062;-10.225517682280538;-7.793434784061896;3.359969565155199
8.15843583873177;4.623675564691634;5.178737090688795;-3.1298576969252285
10.760552545156825;-6.009321484908311;1.7515995079223552;3.4332521493390007
10.257160544191159;-1.2657341591676472;-5.949655601273044;-0.7785771380177444
8.187290721922961;1.447969287849683;-8.272282635427628;-3.73956469681024
8.398743393198599;-5.566568568026674;-2.5993486084450534;-3.273405250581793
3.024503222374909;-15.902070436384651;1.6174844034336844;-0.8278251577339838
-2.4653235239542544;4.179683120741472;-4.723342859117743;1.7070169432611009
-11.120531693927399;5.60100329662482;-5.156353356082706;1.5074383021190323
1.4764810459566948;1.9051843179163124;8.042314699279933;2.1546608979583874
2.575546548390128;0.0899908960764475;2.033839812212695;4.481202430240287
-1.2449339871791227;-3.1128117219189946;0.1166684127248879;3.1374821782016586
0.2768517622618683;-5.244523416324547;-0.2752715098106172;-1.0441698324936612
4.143872304682547;14.021828058118846;1.234334342809325;-3.0747462620570785
9.657369757802153;19.76774892550294;0.675438047373715;-3.449919852111634
13.79483582296727;-8.97504818663778;0.614150662547062;-0.11557256010151526
23.779168744620595;-5.0566475337559185;1.1385055788329546;0.7227286995372594
-0.19689200238824933;2.4363397690584083;0.9917376914454502;1.1637946979888658
-7.641815482404955;3.086729704067941;0.6533457610794609;-0.37653785973994347
0.08002953812358744;0.5747615302365667;0.6933099808742207;-1.2806321641229792
0.7021844588603471;-0.35481602201492285;1.8569306680519775;-0.8815416603904249
-0.6950833043276926;10.14162984227643;0.31290101826142913;-0.3516001262715624
6.21668824873898;7.675448484416821;-1.0879989270659085;-1.994302598466666
1.4070028766529454;-16.725683319947745;0.7510892955396818;-0.4473800852143337
4.197508571117243;7.117992065848121;1.3772804344500027;-0.384216476607557
-2.60776505706286;-0.4599770610539662;1.6953298491171092;-1.4658553923215987
-4.77092048010428;1.2548903250523928;4.117345325353692;3.1264507874923138
-0.6313710879288252;-4.527774598608111;-2.0743969203024797;2.358119157595478
9.88018648039074;-13.086001651626164;-10.85077851350418;2.4265110481749157
19.050912147781908;1.1520314935409883;-3.226322092496283;-1.1141029153834363
1.4178451311293885;-3.1061004905810843;2.2141279923243613;2.6788515388386327
-13.506207061348817;1.7105967512514781;-3.5259989819204476;2.579297088246261
-1.4030791870788624;-0.03946544046105586;-3.305308657098197;-4.530038638028781
-13.484335286374995;-7.999413402145225;2.2137122746017406;-2.2267975607463404
-4.029555231313057;5.069197021894355;0.7666891947301254;-1.0967629995295234
10.033063869089306;4.106137662349687;-2.41149754730263;-1.6842886642101427
11.494829261092057;2.4241571481527715;-2.3796635447605357;-3.451809745813653
-7.787711174943197;14.298583340542535;-0.42556633701614804;-2.8091915865274695
-10.699044581505618;1.6591677466545771;-0.16328753901300733;-0.4048484743241275
-1.2886571253899777;10.87362403496315;0.41488805826480024;-1.8766703599348578
-7.7036610114195065;-16.076549128384823;0.8303423477333995;-4.309958957777484
6.918231549353359;-9.860146438137404;1.8953762755384216;-3.6308578953531803
2.3660694759656753;-1.3720180759524945;1.3059003029630525;-3.722399001870287
10.77550095386778;2.027695839128195;1.8012269669965473;-0.38563832832765443
11.992116629623496;-7.032353234437879;1.0963245512007702;0.28585722913579703
-2.018723836615304;-0.5365562059908189;0.4506534597469553;1.048293169617188
-0.7146305235650153;2.546438572965186;0.20512282455779715;0.322569877053527
-1.0336175850678253;3.370620586700403;0.2873498640059333;0.40168888748102805
-2.1835096723427396;-0.24453532342763049;-0.09041286993567406;0.14850491239116906
-2.203935069260503;-1.5092304541633499;-0.9864464985352415;-0.37481986806131723
-1.514440640156274;-9.958071026383573;-1.7472716505078676;-1.627670938472068
2.3377930135675586;5.890024895568762;-0.4354556032719124;0.8861503174391853
-3.1191317903654863;-6.740080324405738;2.4211039200148936;-0.41021645242275334
1.5131430043702976;-7.12037106877522;1.0395610075459134;2.276597492155605
15.207625399834393;-6.678909999494095;2.719047146328687;5.613445600503358
3.4185238476376756;-4.898647494950828;1.86015243695765;1.4893119177954348
-25.884236483768927;5.208044233390451;-3.128428259626651;0.600241517893812
-19.659242108412464;4.956975344713194;3.2620746274582295;1.3299207323515292
-1.9979962058082665;13.575820169889136;1.8559840245728891;3.8035511528177475
0.5599148343931306;8.620596972920984;3.0079325254134384;10.205599247552794
4.549501820341113;-8.063587618770963;7.591854418920794;2.6479676208682736
-12.688956002424385;-1.2053547547251142;4.638629183511694;-2.497192424843561
-9.67212061183995;5.342205357034059;2.2814503379375517;-5.01174194295234
-12.678911028686446;-19.464868404816304;3.4076010108594716;0.6933817877163054
0.8415312177039218;-3.5082992982995145;0.2731861871419699;-3.537181797950618
0.6000714113125558;0.6156554383726343;-0.4482350052133588;-3.293840579567077
3.3549382393546616;7.8812452171486616;-0.4065204045176756;-1.3343857176948561
6.9469750765404;10.392286943286054;0.8814076396261225;-2.210485689014822
-11.033405915323826;2.84785225707938;2.0205152912598465;-2.6312402183720307
12.813613790001549;5.264374593213659;2.984699625674602;-1.1733672255246266
-11.455734878054832;-6.22172905181475;0.23635386603100708;-1.39696165922755
-12.970213610626146;-2.1091797629941365;0.7088436662466849;-1.0291432024732299
1.221879675951662;-9.655268561051367;0.9270055789039483;0.8623545590340876
-1.0135194165684502;0.1619920788373346;0.44788221264901995;0.5150387773976499
-1.920367268985597;-0.6125022973613738;0.35718439049239004;0.858086351914488
0.37353274820266646;6.168587152846741;0.06186093207125428;2.9914668377184594
3.538467408966151;-5.058624696257447;-1.0094133536902505;1.274115566266526
-0.014675439467435589;-2.8612796766432287;-1.913041864385699;0.4529528730867652
-1.4527897940628651;-5.875297499348595;-1.0843324145501154;1.8235079774187388
18.910877252263045;1.4542000256177108;-0.3301204277606988;1.7603010166504827
-7.627446189230843;-0.9260097092868194;2.2656627360929624;1.824080999017012
3.9311308527132347;-5.05361913020615;2.5071258213022007;1.72327313130863
-10.604562462860395;-6.2541722055323685;-3.3784357363801893;1.8010072502242167
13.624988521295405;-11.508284636896526;-4.927717822686452;2.8987482119141497
21.648670422946573;-20.187929780059306;2.39358549376571;2.3637547785915296
-9.140768520594175;-6.353125876150143;-2.4150451127700068;-1.203309527705954
-4.514498652169121;1.497819283287323;-2.193499202781997;0.23969210408751937
-6.55725558431321;2.8386981701042893;2.1090938812344615;-0.9034319066799958
-5.672968925550149;-0.7204411623744886;3.6419018364528393;0.8815079133133094
-2.8437636399302955;5.189707869481139;-0.10339880566031899;-0.47995446521459023
8.216013799680919;2.790749206180174;-0.4927900426633759;-1.0887103646167218
12.00444008330199;7.746239894532581;0.7989523124158228;-2.188296314939395
-3.6412001763890047;7.715064295412587;-1.2181303173004256;-0.6108023555816108
0.6834658213814662;5.61343004288022;0.21411656253773678;0.31114157111903024
6.768838495658367;-5.719088108299179;0.30126465245216555;-1.1555749258166375
-8.861159290138842;9.472008767653733;0.755753199236937;-1.7494372237758937
2.4522072022783368;3.2669329166619128;2.9700001915838454;-0.5737644856805116
6.3001005879938115;-2.1446401830178154;2.3459692808524064;0.655802455531031
-2.8743807474074625;-7.927840632899406;0.4007463070894819;0.7170900660226438
1.5026744722301926;-2.4248790280091526;1.1833707100091522;0.4168459270230352
10.605244626787036;-9.083236311829708;0.8308725520262557;-0.056886420812221304
-0.11895979288697882;-0.0694104521782499;0.5332779600781969;0.3842188213371125
-0.8705005191849698;3.201135371056123;0.0518200649257776;0.718792374322146
-3.4363846671698295;0.5868828311322932;-0.07426780982958837;3.2274243851009374
-11.192241303331974;3.4216495275892878;-1.0866867369941664;1.5410360864858341
11.969053873898282;3.6696860680354644;-2.4676499985965776;0.5732375143844501
-4.276277880632673;-2.8360309479948076;-1.732349662580031;3.197321044583287
6.02515357604322;-6.150626304128803;-0.5157117562956905;5.809487398366876
-2.1771246459867677;6.394957241555625;-0.18031278424750025;4.726312020773718
3.2677590180448624;2.0969454654232806;3.152136440981889;2.0926722775586994
8.60074873288771;-5.441041127225591;-1.5157145465997213;-2.5983103700415504
-0.34945111007371;15.891103795818497;-3.334760336967515;-2.0766312957374624
-25.04102074528006;-1.353767823799109;-4.282176896656607;2.367064757172879
8.927067915147038;-6.080999172431698;-4.535653173999255;3.6397937007335113
8.687063605180974;0.12657810240654033;0.7337430219896331;-4.119400919966028
-4.055186552642627;-13.660878645511646;3.9015386271579415;-5.896543088236011
-0.5189270948163687;2.065817565397774;0.9310275646314897;-1.403143973510882
-1.6976503529117088;2.1180241276135097;-1.0505843456740727;2.2610120115209154
-6.0855588712605435;10.672741869063886;-1.0409726847582932;2.054869469182115
3.6925612255911493;11.928650812237448;-0.06857746339549824;0.66040627527871
5.495236636287701;0.7017003903837266;-0.3285687840619983;2.077913030092292
-3.9366220879695035;4.375717326553037;0.5722456114113782;1.412851766908139
1.0635234002191891;8.880880285687427;1.0374713784813983;-0.47966601460302055
6.48089377472162;-8.85497924818145;2.703673153528441;0.8622049479114292
10.27677446639317;10.087019650043596;2.7898665831854745;1.945776178031045
7.23435151123394;6.275168094543124;1.637587391691578;1.8752630563521573
-6.714087569032156;-2.8560643006317137;0.12102866977185443;1.4151879443515363
-7.6318841150096794;-2.9238467871411786;1.1145841290299479;-0.06198932959387408
1.7354580894196718;-8.28973574459256;0.4524102501118504;-0.4730133583334749
-0.05892580928403316;-0.34272619144449473;0.9165022373624158;0.9545722797628023
-0.6109963288961867;-0.17841477876465364;0.6716769951254641;0.47850016986898297
4.299827015030294;-1.426537677203557;0.2908398027121546;3.0443321074292684
-6.085103481064707;11.526769087949926;-0.8911236369093561;3.5335055919736043
-8.73223598257034;13.609571659550344;-3.0451304454885895;0.5833758991942418
2.4782677316703148;-6.179764263074991;-3.0755931603226085;1.1106993784755494
9.990614876150781;-2.7869163015959533;-3.3140837873331375;2.7237642036884244
6.297434713231183;-3.561174288400354;-2.8399183680396685;4.643179030580648
15.976510680778778;-19.182261702219822;-0.7355106758330633;3.3742804361642253
11.534455516087537;3.3469667429465466;-2.7697795410568626;-0.07896588874502015
4.880356066175733;2.737841987405492;-0.4621205639336453;1.6198913236152908
2.9980758160218905;-17.373685528576686;-0.881285029258512;0.6950956711442094
11.557183520855538;-10.861100871146604;-0.04762104130899786;0.8355409679785308
6.415744757444467;-6.600264565445236;1.7971268461450896;-3.640876984186974
-2.079910296417402;0.2576512768144431;1.924548646497822;-4.968159298215148
0.5227509987277124;1.3754243530818464;0.36879997725234775;-0.23732262146957794
2.60062312254194;-12.727590256827307;0.9318892981334306;-0.3070642254475018
0.7340095065562653;-13.401476993596413;0.7270737320417294;0.616530141043791
-1.4306589278018027;5.177392791817342;0.6115688777210727;-1.182469322478163
7.686284999968677;2.0615639809863273;1.6924828915944663;-1.1087644864192965
-3.9116669755492435;6.550735235937487;1.9361435243099272;-0.18526075052712163
11.758793358021979;10.633538927555525;2.0845301073643903;0.8825163774402692
-5.137500154411718;6.9307496866932485;1.5681693625800155;3.02204421676297
-0.476013324490009;12.167787727113915;1.321092577764446;0.8912264176117525
2.983108742521358;8.476968317023065;0.3719641518768621;0.4131774548579106
-4.048466729086013;2.8062125027206046;1.391713338664738;0.2959539965901051
-10.627087891088362;0.6342845729792779;0.9776513320613069;-2.409644048840926
-2.6695028816587616;-1.468821636598693;0.10376232560911967;-1.618784758303543
0.17536960359647816;-0.7400413021313909;0.17815057331780157;0.6202059550509845
-2.1336198042055887;3.5428795361506924;1.0259372206068398;0.27144800578332706
3.612423112020614;-4.755238675181246;-0.023352055635250394;2.783660809707427
0.07131968986302442;8.59879615148342;-1.585923638883634;4.514957882273026
-4.053742015436401;16.501027124626148;-2.024095124713802;1.5058180118174975
9.475988550784244;-5.404523234004866;-2.418803406609958;-1.490416120550976
2.6452914689914606;2.54402744301953;-1.7860349912641647;-2.802696053633545
-6.124961071663976;-5.259829230859773;-1.4254799289308233;0.22518366731367412
-19.415181969361075;-12.222244428465922;-0.7967737904445658;1.3548494940286675
0.15540380396801073;19.400853129353074;-0.16702757159647408;0.7901685220622848
-14.420337093198981;3.5618478860560905;-0.2921543726394664;-0.11110181748001119
12.291206429108852;0.6871125642571482;1.0057424852435841;1.072370221942812
-7.220947445766726;5.923046930166956;-0.3475093602883565;5.048708210326435
-7.833086646751655;-8.714516647175575;3.195656571338072;1.6109602975488417
-3.4595657613743973;6.2266689447508945;3.9030214999707016;-1.1026426118451023
-2.46305908972972;6.007797265629131;1.1651201479974878;1.9743310900870406
0.9401684640418938;14.399427344175905;0.1513447614623252;-0.37994563954907723
5.960991781432579;7.238366084041692;1.799006586374043;-1.8008085032253884
-1.8421268647732714;1.219751734628972;1.5005085894507142;-2.5655957251357155
-1.784689380772641;-8.198643556543026;1.029312155121832;-1.3908102897582761
-8.88532787198632;15.466940210361917;1.608780162273582;2.1360251072907372
-13.4514311342451;-8.659566790155184;1.3658738056723783;2.759133645413482
5.551823826847705;5.743046846320382;0.16149833554658435;2.3208471997737337
8.673907941451303;-11.079411567504266;0.42867543076249776;0.030669244946080868
-0.39764714576200266;4.508094185477206;0.5290545027068426;-1.12166239032658
-6.50305531720367;8.776551318369243;1.8589575394345994;-1.997710950225821
-9.258654364241462;3.659581162221828;1.3418024841235052;-2.038830470535976
-3.0549878367391665;1.3885795530135183;0.0885676409942497;-0.7172895428370012
1.2559941368680958;-0.8566813654963944;0.39954603867511024;0.8628678357741985
0.7424234434437207;-1.0940523643573568;0.8826053962351678;1.167230295035869
-1.7336592992228097;4.648805797705481;0.3465644340865657;0.9039228819032346
-5.8934280366813345;7.271131232002042;-0.7048065927618776;2.1818641893397137
-7.274517643623774;4.836276757963598;-1.8327368065912628;-0.014444289895424754
-0.3819140451826718;-8.580342790639849;-1.835487209065599;-1.4701224537417068
-6.702570816149345;-3.280792179138389;-1.247790586548955;-1.6355435636723346
12.673797538773016;-2.283077137840046;-0.5621487106769727;0.05633333086297355
-3.390897324576818;8.884937065647641;0.6621704704313841;0.24357398908489764
0.595439551174192;-8.509244248949605;0.5612485120459819;1.7129750282325757
9.002241745237034;-19.50710825169291;0.7670742354839172;1.981516206338316
0.821098582356559;-4.257619424055928;0.1474786334066904;3.362439932146606
-3.916398938048013;-11.347730880061603;1.6448221571735295;5.133651470847434
2.1766596405707705;-16.999358272387997;2.1848362806586543;1.5385453372440965
-5.160810721640101;-7.029549896703915;2.1816593276542173;1.2106939191691817
11.32867064442918;1.9438414045185017;1.9866167545663047;2.421417803162399
5.942828946033613;7.907554610598188;0.6839683281454026;1.566391397681597
-7.26265786291291;3.090356262985626;0.15667162177047253;-1.900953279008288
4.220688453777893;5.366641237339513;0.2854879246822794;-2.212822817357595
7.209691174411894;5.837136750204982;0.3083794944895006;-0.9258043214505512
1.1011565491249713;8.217991997161748;0.29510786493684404;-0.15485497054121558
-13.028313529257847;7.236300835813135;0.2872273986752806;0.41898380754849596
3.5598390852621113;9.93527957002948;-0.7993498278199682;0.7517295243900475
1.5681594998324655;8.715759747838135;0.284119428823041;-1.176148928602524
-9.94603584447505;0.553584952064886;1.04722628167865;-1.533368135154605
-2.428131583101803;2.8754595545928026;1.3219288638266096;-2.3105911759543116
-2.0058995681095197;0.47827182972648474;0.6161567609128469;-1.322314929116381
-0.6957247167651627;1.5035195559626893;0.1837632718705811;-0.480062331516746
-1.221899479045549;0.24500797567973576;0.2315120975266838;0.409436548189291
-1.4171068547576842;-0.9061236625150203;0.1516245456884027;0.31888834422341156
-2.7375814381273145;0.9960089573982797;0.003064784120600885;1.5499503517937363
-8.523224461298746;1.8176230698840954;-0.24504534642468656;0.7614886207362338
-6.0651389346143745;2.4480381775940927;-0.012381522989430778;-1.1107889167016358
1.371570635525733;-9.0539760431648;-1.1058965993771128;-1.6600306819387336
1.663726013082216;-5.523652456971426;-0.5749043401500229;-0.8547563963997858
12.978461536506234;7.178474277995357;0.8009155583620692;0.5513707594267514
-8.925445361028453;2.457385304886937;0.37862199300908567;0.2876618379523879
2.5515328552425625;7.448864485593577;1.0819313817914005;-0.1249749167854335
-1.2724237526456688;0.03397400272926597;1.188785439580769;0.20845036450255333
3.31703642440779;11.116061601967624;2.2118382790808266;-0.6450169377876944
-4.406283456438918;-19.54142593328104;2.72207097398598;-0.7978220200162728
-7.22359428355651;-17.578110627363444;1.9461171524774405;-0.37489642762354997
5.5381427830624705;-3.982236338701238;1.9063367598226626;-0.020596273835775693
8.88515000555045;-1.0435040384201695;1.6998398480300465;-2.054359268826959
10.383333442251205;-1.759018430882391;1.5747048167472075;-0.6983399418935465
6.956834646121964;-3.673420463159053;0.40246062389718695;-0.9206090320397882
-0.6927555078557502;5.848479034452489;-0.3363440562953637;-1.5525297413850734
-0.5147628698289469;-0.27338010004731306;-0.7519664253496499;-2.140835425765049
4.217388833277346;4.252923764390103;-0.2505749443920993;-1.496607444346314
11.1043836504644;7.0598389911631445;-0.7401503803368206;-0.35178881072327217
-5.138401138185524;-1.732827298334327;0.20157760046908488;-1.2532748109099612
-6.1040266693700636;-0.17948420155793798;0.9454326206302706;-1.1799211931440399
-1.6784803280288207;-7.534078825710938;0.8146558295212437;-1.7726373416669674
0.152858473364674;-5.772407702923834;0.21354992940227732;-1.583558863019977
0.2647529162921423;-2.311591300807268;0.820933878578501;-0.656756542644564
1.5297849091509976;-0.9203699920039629;0.8228815377148517;-0.38178197305943073
-0.9715271937211656;-0.057910411758182415;1.014853675700178;0.9025622337865434
-1.399367768245949;-0.39597206061116147;0.01419947524766268;0.49935587822333055
0.8709724814041966;-2.1358013598528567;0.06983437711378178;0.4383590172626407
1.2147490185446284;1.8916851852790533;-0.5711204657884988;0.4701924150646646
4.047955052785218;-0.9511471530716097;-0.48005056437061816;0.6581246583283861
-3.387539534409106;-0.6207776935449372;-0.20919917268059698;0.13914376148245952
-1.0430298359637573;-4.556848948030116;-0.28337540131940986;1.1872128762270748
3.3303966839681642;3.275487990293741;0.5871684910117276;1.5904859593987695
0.5317098033271199;4.355316697247142;0.47173243094007833;1.7278153986574991
0.9456400951871404;-3.4060080577009515;0.26841889765067645;0.7848360568946986
5.2899354513134025;-2.464760204142443;1.4397469412703499;1.2783588184143668
-1.4637119429584287;-2.2306125310755953;0.9042045829848608;1.3845237479378485
-4.639905142018475;-11.499654060021914;1.1936362544764199;1.614006030391404
-7.010166395457542;-3.00581523800179;1.3241952665981434;1.5564299622986073
-4.930672070418299;-1.611128634271125;1.3985490578793076;1.0106831603833761
4.57708897987585;2.754145971535773;0.4649320199721251;0.1822243936375186
-1.4263109185380112;8.815036830785697;0.7559071402544909;-0.30412375652055584
0.9296675972186728;15.526309110154026;0.8997037369185694;-0.3865583026229412
-3.3784175874976077;1.1337574659432104;0.3451272051967977;-0.9449577092829484
4.4469967978362455;-16.432042135763222;0.7254055095481711;-0.8591341318462142
-8.010939088130426;9.029196839613467;0.5562454052858926;-1.4447001195673148
-10.27253280050384;-7.997622380707228;0.3866297586698699;-0.3064576268205283
-15.759253703610295;-17.23011773348218;0.22243307419885294;-1.3987827888264088
-8.426867160413464;-5.270898180301804;0.43605320067056924;-0.38179423119138495
-0.8733902131689372;-3.909116112673617;0.44600332887622285;-0.5738874190174711
1.048957972000399;-1.9283549753345184;0.5036638481705489;0.17494371640077402
0.5010119027234424;0.2581529827878291;0.6682607123123321;-0.24525585928670304
0.45850583807250395;-0.6947825713888008;0.13907112077981876;-0.28704243027282994
0.8860566305264465;-0.4540810921765601;0.39609088238300777;0.28775470319086505
0.08044726586912403;-0.13363070575878686;0.8865509191673646;0.18306921683682287
-0.4130894191212365;0.05585100680323583;0.03728390987163886;1.0377497053533915
0.6624035571976352;-0.28094115718576207;-0.10804304676737543;0.1818075083390152
1.2466789003437901;-1.730562965748581;-0.06970118646294472;0.6138810470899532
0.8604044771166045;-2.026322722961457;0.3464246249314652;0.9503708095954683
0.7769243833344294;0.46337587747707815;0.6920420422626548;0.85993038776033
11.737770203955515;7.398366186493875;0.5734212939489007;0.818556774076587
4.093187667949364;6.471752917677555;0.6152094346138172;0.6079701075849642
2.2843760408150597;15.32627128566652;0.5938083828047791;0.6155182572483893
3.7553173633050787;7.06870970313383;0.25940570015884706;1.0333302809579468
7.289422821894624;-12.384103037034064;0.8411282565230854;1.0705348826624945
5.158420716641482;-11.943003252586612;0.9433119839541599;1.2443272898202475
3.444449546251038;-4.425638505143262;0.6460198804177486;0.8030100158989539
3.8981557760835983;2.57551542676473;0.6936613909639531;0.7833906353653527
3.1059931306879993;1.7694616293573961;-0.018853386807007287;0.5137852922227437
1.2715650502969336;3.464693974641008;-0.06612485433625545;0.2406772526297676
-0.444812959125487;11.130991078793375;0.25073584615891314;-1.1352782999286346
-2.6373814150019403;0.544646762512498;0.22051610089065646;-0.6072805477217844
-5.6520218617059825;-5.314645729323602;0.6121053881118306;-1.1781979132341076
-3.572195366392194;-0.3437826249170167;0.1999265825927331;-0.7537565418106402
3.867292345441893;-8.723017416645439;0.20360274633187705;-0.6454932299453159
-2.78036166327532;-8.843037531111717;0.8316324905404745;0.6977144986427752
0.08267868622803164;-5.016051762911389;0.4494114871323665;0.7459023928571855
0.34844757225008477;-2.3150396861730798;0.28298213315447296;0.09303038275098335
0.7256614292854883;-0.673028539607361;0.7633869600752431;0.08273428228220833
0.44199995703378525;0.5586512952876532;0.19017353720964536;-0.05787737764111732
-0.24740340822213988;0.05618196917609614;0.05362500164247156;0.2762063439124181
0.04213444675412716;0.09164333171585494;0.062237525675949756;0.3966143536124797
0.46573691499429487;0.3000405280901468;-0.0033753600383314296;0.40101694103398017
-0.04620981052345912;0.6209273398952848;0.1702309033390951;0.8698004868638061
0.25353942626194176;-0.12979542396440605;0.07866854740585448;0.40243931640273495
0.14191042414645486;0.7972997669114462;0.7062136369444655;0.3523098456977405
-4.5815291080831795;1.2844066387395523;0.728872422930217;0.5429350365825496
-0.01909190214173859;2.2593065982736706;0.4510741850126347;0.596509714762661
11.652225023931546;5.2370203002105695;0.7917024571042833;1.0392958231683935
5.352358378642965;4.336452849994802;0.5294653639779109;0.4620502542464361
-0.3164330257415747;13.368799159914458;0.8914715600630512;0.056239176197602055
0.6783806159267173;6.777820007581335;0.42195361051962366;0.7965789295071732
0.7689208832514504;-4.048692178145798;0.9402923846351696;-0.19222684653078206
-0.720059467526314;-1.4502218507090254;0.7287026145080512;-0.23491678416301595
0.5196300676416257;-2.2160705239241025;0.36279609176219907;0.350414572209428
1.4883321316870284;0.49223668376145996;0.7558006352625809;0.6485108500547893
0.9105043280083618;-1.9443226582695472;0.521736467153364;0.5423275103834159
3.043974627544574;-5.972158760821382;0.434477523696931;-0.4231933165268632
-0.996955872582493;0.12304445225296531;0.9157773762534451;0.5616408767460112
-2.1006291800397823;3.338488200114937;-0.007968809236297182;0.3635596544023687
0.45532954868887693;4.590533433897329;0.22992871499524872;0.11881605924421317
7.189337571822196;-0.894904265471557;0.8331795238350017;0.281826754650675
9.148616175410277;-8.411647347996066;0.18203649922604204;0.8736621420256628
-0.6440241742326754;-2.115168799025444;0.8679344330982767;0.17607435279551606
-0.3294624689995498;-0.8817935876838896;0.7096283228537923;0.3153781801973851
1.286724274074524;-0.686167865860879;0.0821775553354852;0.7202880540902733
0.07157689963732901;0.37400044578756125;0.645734623001882;0.2240326370229201
-0.181406214128503;0.279801898423778;0.4967020178616277;0.5871013978457376
0.41953824632494874;0.3070941027077168;0.6746544307567504;0.1686557538389368
-0.31880542774635034;0.35282825096708537;0.8864640438343905;0.06277845526281459
1.0411262775260632;0.7405528801368652;0.49159863200947673;0.5640519572168804
1.1245636997043023;0.4141276138066974;0.8239579678419787;0.6415403359494914
-0.19224875838672492;0.4647549382785736;0.25124610736902325;0.11741082783734644
0.08205377294175406;0.4587641612534578;0.6387736491882429;0.9164736775620304
-3.997538477314881;1.3464910813253717;0.40042127706314906;0.7354691858085579
-0.5817220286075948;0.3572620319185818;0.8060001195327008;0.6811467445698393
2.226657493706281;1.240990575009109;0.1350947649863239;0.08990402657826313
-0.4568850426780502;0.7792201807072974;0.8893543537182356;0.42688837628937104
-0.9614286052343907;1.7127576935352786;0.5624638697411394;0.7779957963887397
1.2051035127189245;-4.235464785697455;0.4403879490706608;0.7264415165048996
1.7638803871443578;-1.4589526504833106;-0.009398247451999218;0.054928019562486524
1.565996060248214;-0.053754916098361985;0.31113626561908975;0.16272754549324667
0.3037816429399193;0.4425220281523079;0.5728797760471823;0.6707829448608956
0.12577585076478234;1.7535597122887145;0.7309912438539141;0.906594992620486
4.4726454820097175;-9.068747910953796;0.858637070651015;0.16445422653007782
2.953626105872251;-4.13900695384194;-0.0005212364395178519;0.7296181051356815
0.17884529453832804;0.2111726152665964;0.6841877599581697;0.8323955869492439
-0.26758857636108957;0.4624980399883134;0.4588283994078026;0.5409931305502094
-0.38685734540578265;-0.5176102173402475;0.806269442977933;0.7125295423074097
0.9422375730692288;-1.6668371969709224;0.040056851189885244;0.9454691232989263
1.0109532822939262;-0.7493555089487022;0.4329981604390249;0.9681385035526309
0.012827740068278765;-0.3821830037973034;0.6615747078368314;0.40896057920945966
1.460428341335972;-1.134067157225238;0.10009248817883289;0.6416608707233912
-0.416865495699489;0.6119347276434217;0.949674630406276;0.3017091066736218
0.30827404331642044;0.7197556162523122;0.0596509402318173;0.5859040561522447
-0.10591953317912366;0.18139161643682736;0.8230931275358159;0.6877526694408972
0.368226854778622;0.35961765729520057;0.42828012448304975;0.9136516843882411
0.07867673927309315;0.7523246855503383;0.820512115924805;0.8101112119925344
-0.3604880549094569;0.11767520198051817;0.3613997857248808;0.7314941667078506
0.7481827334133514;0.5836266653358287;0.5090372218260775;0.2833934927877376
-0.19106969049736067;0.4492200626630424;0.8262844030506172;1.0122953299264683
0.19689641027745972;-0.17948084731709651;0.4913700576002503;0.6055077395650598
0.11504615765722037;0.2977530071477259;0.9691278988539556;0.8117890424398292
-0.05832214993768325;0.8073445341341049;0.09734767996926397;0.3524651352081667
-0.5260274260438007;-0.0811733081717009;0.10584232828475734;0.7835471504174939
0.323403968039931;-0.13793298392214057;0.5303986905821327;0.5680099737461209
-0.13501407593845735;0.7126794593360255;0.7600994372713525;0.6792637612626641
0.0859278696053866;-3.4664438774735378;0.7643625660634659;0.7207111838556983
0.9254585899682013;-1.655972762659153;0.30587688268703594;0.8142229932759304
-0.48489509010606396;0.6672001939910971;0.4357007291787334;0.8221377748452026
0.21338453767467674;-0.6436586064486398;0.4399354354022101;0.17433553992464343
0.5825868080626215;1.47000397348063;0.5144441711678506;0.44783684295849235
-0.2860551347214162;1.6885987904381896;0.5033779232418161;0.2460542080236207
-0.10231738722594111;-0.25215796760760784;0.6968801885913751;0.025866314023968676
-0.3723597673603465;-0.44702684108550794;0.6665140770679747;0.8227558954255365
0.031062856493508414;-1.8230609367761275;0.4850384562246878;0.41766378302981727
-1.501665836849588;-1.1159658682730809;0.4041273495204991;0.8816717932092787
-0.47103391844420744;-0.5951469652551167;0.887580855940592;0.42726922851664334
-0.009414917762078123;0.8391472973583995;0.2284584492380719;0.46504499040163483
-1.0570946785171818;-0.3120138956576554;0.41713499415381444;0.26490375069345246
0.07257545502194084;-0.514961206825847;0.8844605324082984;1.0762757571102786
0.3625494154379674;0.6627988927244624;0.6122148226980237;0.22548566597808126
-0.26633474670242646;0.1635856849598685;0.06281918641682843;0.2217261659977206
0.4392132567882056;0.04258720392586474;0.2641487396870416;0.3450152196011672
0.596378221540286;0.4533101025996521;0.8960561908476449;0.07674402397828539
-0.3374487522635386;-0.04639785541155703;0.971449939116872;0.06401569755351791
