0.34132267150202245;0.5428304260712533;0.05181381116650804;0.8566359112542099
-0.09822297303987494;0.28412547084504663;0.879845189967143;0.3783879525248013
0.5098495869552594;0.29533413515340573;0.4771656556850777;0.29217382976175216
0.3980618501272851;0.6082127443492897;0.27626320533517684;0.0249052050676161
0.10593932199431531;0.649138105010487;0.14565316343062634;0.40969586184068185
0.6076137437906929;0.1397954866490696;0.30244869205796143;0.6961428466553744
0.46296236495969895;0.5310062956471884;0.5852790547250617;0.7752004280384557
-0.23668693971443544;0.6400362966026104;0.7081977280414571;0.5943302740768708
0.5943001830293858;0.1669827050563833;0.7515235148547975;0.814973954471995
0.4672648483476318;-0.18261351088253702;0.8604897443878232;0.10491410937580735
0.2140040968164813;0.5794240766526986;0.6630560286496542;0.3857137280876555
-0.23630665334346138;0.693104725510911;1.0045924672865696;0.931952185127894
-0.1606141632956359;-0.2495753645943902;0.6420310277981084;0.9453347043562645
-0.2471150943820026;-0.15332297885827179;0.9044316353094259;0.8646903963124076
-0.020090337991145613;-0.038511348872559935;0.5948222518780761;0.11648244386510531
0.40742171641084557;0.02633052889524283;0.5066866976045933;0.22550500164645856
0.6896814739004035;-0.13564571532471342;0.8291307023833547;0.6491487559322611
-0.10729523891073807;0.5585660043990703;0.24813944524138962;0.2971714851352872
-0.3435585809825024;0.8721630923354872;0.5168833467011106;0.5583463038715011
-0.15358772876093177;0.14695598806955587;0.5016280333549065;0.880668276934782
0.6296532856215679;0.17520837282436463;0.3686792685610267;0.3834406808763206
0.5582208179402717;0.5576469332452177;0.7475561196105152;0.31655924977528666
-0.13929693902359833;-0.0023670561838852037;0.7187005629993782;0.3048472819238389
0.37347703406422356;0.4382860716559792;0.5524019089570947;0.8540715572462065
-0.0012298049904436773;0.15170830262251306;0.8076163253071549;0.8592540236933479
0.5100840479602267;0.13565962237706794;0.5989578189785607;0.7726000589856515
0.30079411034819575;0.08578844665838115;0.32290667779752874;0.3478610319231019
0.3758110981289524;-0.03200103394133489;0.28232068660746196;0.5181608215363699
0.33023755443634206;0.6225491462651491;0.0449121732342762;0.41065293651723517
-0.1852742438478628;0.4090832599152625;0.5725563609951368;0.34301310056366313
0.21010377172934577;0.17618756305704314;0.7935251957212477;0.47808112225614247
0.7138407473484558;0.47604980985260276;0.8437735462553577;0.28878933315139255
0.003447628622818997;0.25286510567351855;0.575427101202692;0.5888534135962472
-0.1566367174750937;0.2880389053352515;0.41070461801295405;0.27154357262239404
0.5985303000128704;0.174759013588328;0.1626999868693922;0.09416474195442977
0.13856993729563272;0.5512822345679267;0.6959999475040046;0.1762392686849553
0.22905184852178379;0.2942428225817172;0.6787845398796652;0.6624083925785781
0.2836462160985134;0.6372721258675668;0.8052020623549729;0.04271207674272514
0.01777911902673169;0.20832188749871952;0.35947518802525;0.8773499526483545
-0.18389977180896336;0.039340983195932176;0.6283903589591856;0.39313039396724303
0.5954723288584302;0.757789475649102;0.33117597540229354;0.06146486495704929
-0.11857855914812063;0.343523054234996;0.4783000634267548;0.8359895635455563
0.10189958048517447;-0.02269210319092123;0.08554822421793232;0.18343978052420798
0.5258528947193508;0.6267980987074122;0.4943698596048113;0.5327417232134277
0.45336514364790004;-0.10617147525151326;0.11421216250076412;0.7439797188842443
-0.3532827315985618;0.1688190418380539;0.9274025244081089;0.19574018083491732
-0.17927667214658705;-0.19161001128872862;0.38278926503410643;0.21462143285831822
-0.02092501541184825;0.06833490780249765;0.2040569580402577;0.5654194104243544
0.5013651634153921;-0.10428328178419216;0.6603577675895701;0.8449832390780273
0.3832813072896395;-0.16213164761997348;0.7567034313099071;0.671713776805684
0.5905473123596304;-0.16133295457540392;0.7154050269943962;0.8792328410348139
-0.0754150826099759;0.032635359684894845;0.377971780461031;0.22487534309563018
-0.10347981586764633;0.08399057785338687;0.0946081912302839;0.8065433946250363
0.2108808822076218;-0.08555861152094262;0.9082750337019223;0.15278557711955212
-0.26969430507602626;0.3951206870685303;0.8911469273548358;0.6483202572231348
0.4250618995558509;0.34666279323238525;0.16249849354569695;0.5664156598257822
0.43007815502977026;0.3296357803256036;0.1335022939682179;0.23916029746118186
0.47456094660280823;-0.08123665756866934;0.1175720506048943;0.8453142684454532
0.028677670177287416;-0.2548779795342894;0.6921355379588594;0.3276216450456456
0.07693626818745616;0.025877589532177118;0.5518898606262854;0.08807348710384763
-0.2913858404778106;0.5012497550265258;0.7990102915391342;0.06055772004392735
-0.05074847726741093;0.08677315124468243;0.6863429491437935;0.4075289387421736
0.02747114686700008;0.2337587241804773;0.8501056744771383;0.0627704502030273
0.3098625862492432;0.6170460284950157;0.681481589834998;0.5668469713485622
0.3536113555496046;0.2745202787392588;0.3002582371712842;0.4666038576793077
-0.254852379554856;-0.3597509509341205;0.36572590211733563;0.24580127997360277
0.0766243550483051;0.34884731644011735;-0.18192341037371934;0.6087770946339613
0.579429377475126;0.2257562928090223;0.36348806667237143;0.5625139797751416
0.10773288714114884;0.29085086563261636;0.15446152607552757;0.6074283678272878
0.684829497412918;0.10158908638640718;-0.268927781505787;0.45235777413950284
0.4470198926917566;-0.009981509529046825;0.11659607038221188;0.24877293523455987
0.012468500195940422;-0.004563971020818078;-0.21534607879205817;0.7409130181680463
0.11098691977760705;0.19803517881175944;-0.39417968315398055;0.6752448998022474
-0.23457641380123978;-0.04587687582939315;0.4769145295067297;0.5525519616574804
0.3544580525654916;0.7243614659354712;0.14767069475124278;0.477093953055954
0.4302087014079258;0.48662492644632993;0.6409030347412417;0.2521424211199132
0.0027085250379464076;0.591274160129024;0.5957214130195161;0.8999621220117828
-0.1621335140045489;-0.09452692683446777;1.0254750282963474;0.10789248928932386
0.5711899870056846;0.5026513491501835;0.10351333201247134;0.8149175894407737
-0.24689723369156838;0.10746977956930394;0.5511299310842502;0.8855300657742196
0.19624078857882518;-0.192093632694701;0.2595034680800769;0.3146633912213886
0.09795747366775062;0.30502319607028816;0.29862084885258894;0.8751652160392912
0.17637427137854;0.7025323792021914;0.59962009140038;0.12597974893074332
-0.14688566320006247;0.5203635072642038;0.9207755878942133;0.3537487046504244
0.02686577993392763;0.2743894486338051;0.7632223663369241;0.6013843088498421
-0.06825727350960932;0.10275970808460828;0.20341148715756838;0.4391795399970276
0.6799696722230362;0.6883969871509881;0.33196245830631105;0.8166354454059669
-0.044299784149304744;0.7886322062560789;0.03900922212945487;1.0055505986998254
0.4638616988121993;-0.09532938494134265;0.6177914079221457;0.5488380563145432
0.03465734738918431;0.08024607890764117;0.37319806017500995;-0.02324809539489078
0.18822700851536336;0.729512338289102;0.16930751656045046;0.6711886921794925
-0.009442349688999666;-0.07165443865162713;-0.15880274641833508;-0.08477459331764975
0.01875771598392671;-0.18395580099514636;-0.0402787861201166;-0.5056059608821689
-0.08164536051389629;0.7086114737975163;0.34324911735164304;0.04977538364697722
-0.7801110710833805;0.46368267538466934;0.03628535039679787;-0.46091969787175846
-0.09778809944401182;-0.0564103826316829;-0.5443177482112213;-0.02683385929535132
-0.045820738236162985;0.3289516471369384;0.08652833886701211;0.18043524530705682
0.5119476395037802;0.23538929249624227;-0.8653108558833675;0.16453636952038853
0.46222345395341513;0.1579863535050786;-0.8384552036943286;0.4429526300725845
0.2994476829697443;0.8232026407493056;-0.7247122315858383;0.5826999907502485
0.2974928920905881;0.47119125549471536;-0.7248446167325114;0.4094770915423486
-0.3832923167963967;0.14212842445864404;-0.5670360846417553;1.1342448768139508
-0.075827238439138;0.08484381906668531;-1.1222526759247005;0.9322355969165625
0.8928824613467815;-0.7870899132571938;-0.07063069374384372;1.198630986103802
0.4625334465232739;-0.421774251671379;0.34665121554161954;0.5546837972397554
0.4502781421552642;-0.12444643150654448;0.6900711816219867;0.634645114273658
-0.00987349299677133;0.6919921285088622;0.7444878116274539;0.7553133316716043
-0.015592677088234218;-0.17048429950640548;0.026588330910475026;0.9743035492695582
0.027877914289230022;0.6601051630781067;0.5643556171832307;0.19287458254502224
-0.4194360476950355;-0.17699464453729766;0.6486684935747822;0.4592644345996367
0.15323206017723046;0.07341983260236662;0.8837155475383215;0.9690674325949862
0.2544117087929658;0.3931575847128066;0.513012559409917;0.6361364214059705
0.1691895091741112;0.5060639683916899;0.5053203223595778;0.9136300924431345
0.08850776757436186;0.5642013194754382;0.9812133007193047;0.9629400865704832
0.11338672001289185;0.3693773596975527;1.0122110183282007;0.13895051078791434
0.34563455848761554;-0.31284818069405124;0.49991199240409234;-0.03955693932983842
0.10048781971743767;0.1014696529472486;0.2833228730446271;0.3133728637972015
-0.3817376996538202;0.2666117743706516;0.415214267066719;-0.14659245976579888
-0.14076207628331328;-0.820766994010633;1.0720573013579109;-0.1744934670150059
0.5145265458897728;-1.9088467632429313;0.4872514108297862;-0.9901256203676572
-0.4552690412633466;-0.6467138574521;0.16050914799902602;-0.8544107681797637
-0.5277475821803631;0.35256323294912817;0.004724537911342989;-1.3324179246150811
0.072386540100741;-0.43348222500414463;0.2087267536824705;-1.198934790847164
0.02430041539554794;-0.1462954962440016;0.3239462321320226;-1.5624891499138633
0.5379832666466836;0.4617362773762939;0.8505245172465746;-1.7886094356123636
0.3720235045783357;-0.6564794581064517;-0.14066593158695517;-1.060685002457304
0.8173317377504856;-0.5360572342188521;-0.3371845265237386;-0.9763477530414835
0.4524541111430302;-1.0119115046590172;-1.478187640129409;0.23674243315309745
1.3896069808400697;-1.0959107475308203;-1.2639681372514115;1.4295906920405244
1.3980553166401917;-0.9685357524414242;-1.9296341012915672;1.3822451682731631
0.9368021358129551;-1.056973034145898;-1.6437050829935338;1.03159222914352
2.1389404110654704;-1.8084053517068506;-0.9246291841532561;0.7353431814232938
0.9157514710356158;-2.9099466238885703;-0.17973887017482398;0.9515078586931095
1.0831643385923664;-2.510562434317686;-0.31204020904111873;0.014460711350139028
0.2471517852630269;-0.4131654554242251;0.35010344079352984;0.040504321721902645
-0.36639071122729316;0.9965654181237324;-0.29596086188398585;0.2830617199757328
-0.2849685644814145;1.328483893653386;0.47957943512104256;0.4334092743561743
0.09875468526276932;0.13260530828103187;0.08755923495073827;0.4497327796319087
0.5263195042274544;0.617634717782586;0.1242562387656279;0.6821857024401409
0.6054612620466118;0.3596682610474719;0.5950743259404152;0.30129330534289334
0.3795451043143581;0.5440945611257832;0.5181853467373564;0.7857180058403456
0.40117710999726286;0.5967088461681357;0.25853472560890756;0.10731454789684224
-0.0900201817397693;-0.4115982384229674;0.7573524913026202;0.8815341723810687
0.1637087223595996;-0.6926840505509589;0.5251173154133396;0.559553241945548
0.15809892547011664;-0.8011676131450938;0.6533139585089264;-0.20528433916137384
0.32781980817997375;-1.1646183658235252;0.6148293118961216;0.11671505465422682
0.3083894085350687;-1.86252824020455;0.2258037445733808;0.11263939043535866
-0.032419438849503754;-1.4101067024497433;0.2653563099889321;-0.5697662380414057
0.31656571208599427;-0.8275630337979368;-0.057824678234221175;-0.6072949141030667
-0.6118896657215499;0.4466918059381605;0.7011020533465004;-0.7008885977348683
0.7142703589480088;0.8606905237337238;0.5249516811372423;-1.1005036722506223
0.5711398067223394;0.8846448847666895;1.1093220241310082;-1.2316120943096782
1.0624058995107852;1.5993875972290144;0.839847116302251;-2.170809202402624
0.3394772122068388;1.5350551435601245;0.3906179013314735;-2.003405689977399
1.3706671187249024;0.6968641594857427;-0.5724807488296754;-0.5607297150408169
2.0330074508585123;-0.11235260176312865;-2.015274127909135;0.5125110450467393
2.6231116448717704;-0.27672837839674624;-1.9454497617748474;1.38602400502592
1.643039708485248;-0.5094552439615769;-1.6117811113683431;1.3798673383821676
2.565961383813896;0.11941450460784124;-1.3539134394952412;1.0796287812004468
2.017503054211593;-0.19128992644592252;-0.6954170651798225;0.25780461061410254
1.2169537433038786;-0.9373180341905908;-0.8469491260953267;0.8087647397414099
0.5971904802126214;-1.2807517531552368;-0.8725500817628287;0.5637814555414431
0.8345397656834378;-0.9199649242504933;0.053131019961820874;0.21524806020602147
0.30819670527669163;-0.1691147671914597;0.623034395298636;0.30794365301126797
-0.17917905105173731;1.0630220634552832;0.11745185829783447;0.4492217232829229
-0.07418685373355588;0.9736938668824656;-0.0680737018412184;1.1748350365089302
0.12729559469782298;0.7915977523662517;0.09987555273749665;0.2342530641492345
-0.1785457733438065;0.625385647667519;0.2300151417121557;0.6399052602781177
0.4248742094239015;-0.06809025541551458;0.4782704405150423;0.7820341364368216
0.35638733517520516;0.48784016675245606;0.6429979191374019;0.37537464113228325
-0.09330457189601878;-0.8639262266225257;0.37974618683892997;0.4153515432335563
-0.18088787771420314;-0.812678366981903;-0.1849541099714967;0.36993972222972654
-0.1813215318762168;-1.0248225515393687;-0.4623605544556259;0.06990113031859753
-0.14906125176744534;-0.9329532800291942;-0.3404213330047955;0.48702099782572145
-0.7975968694425505;1.1072743107268752;-0.3160748339288272;0.2598057986148149
-1.0769630041447162;1.6922021986021258;-0.8062185401441012;-0.10633001105350459
-0.3755438652408196;2.822802631025059;-0.1024115991003738;-0.6490171620301202
-1.1784080357923616;3.2107361881041783;0.4949903731340667;-0.09358863774969342
-0.04391651224680076;1.8398870818490405;0.4457409161244131;-0.6722748204255958
1.3047959270608045;1.933721147448106;1.3009397958997695;-1.0351193747969758
2.107925137273803;1.8841527463049517;0.9529423593226166;-1.6834305367021916
2.1700217923174003;1.5478786487676683;0.3150419031706386;-1.6854983787619526
1.7235803873367672;1.284875997303738;-0.7667301485457315;0.03659302649408285
2.268311005913406;0.5855205245259621;-2.2202171553941534;1.8903055988776458
2.517245186895529;-0.4498904467583086;-3.154123618788041;2.935776169927163
1.7493330986059379;0.34782145204550224;-1.6739992954289942;2.288270266307201
1.0735289348576424;-1.2721002273400366;-0.8153946953550217;1.8187375754254302
1.1545253968011293;-1.2254115905193714;0.2898168629772773;0.8603581572571345
-0.5657427128818036;0.0496609052657633;-0.5509277087575262;0.2690064916304675
-0.4852912275405809;0.30649440940344136;-0.7200429646021071;0.6210742456495426
-0.2627425789350459;1.3082281491802883;-0.6588120890936146;-0.28880156946155283
-0.22124373802262368;0.09260476444444192;-0.41593121514057163;-0.6442348326707995
-1.0529813248714093;0.6870867003032404;0.025534700577292065;-0.16811730397675398
-1.204336653150583;1.044193274573835;0.8967448634681038;0.16545956580944132
-0.6978793295820721;0.20316794021303844;0.8619832095883071;0.6525209560636086
0.42210353666572725;-0.03139330324467565;0.5487696132606492;0.575132109191806
0.29245880797267126;0.18584592858493;0.8587450620318196;0.36238933762453324
0.8484287155083996;-0.7763778727582856;0.654704274998637;0.6612979840585621
0.3404468795656537;-2.132397958391597;0.2822032292415402;0.3006040681243662
0.8359516305023966;-3.22125868951878;-0.2571048036073655;0.45793383377900043
-0.08487230930751948;-2.3591761974627774;-0.38614099943004676;0.605524152634889
-0.34471756037422524;-0.5903262346144185;-1.5022688248754668;0.7454411724651117
0.16031293102125907;1.2943447115703857;-0.4630466352414842;0.39690335776235164
0.174456379947877;2.337155117612657;-0.4104990056000466;-0.060489936283426485
0.5743190684126704;2.956964624760225;0.7241253041749979;-0.5549985385025926
0.9724266356726383;2.4711810172237603;1.220075457072566;-0.7852484051339603
1.113409129111772;0.719010322095073;1.5960906202592497;-0.7955251508658062
2.514341444200171;1.2941081375498997;1.0448255322848976;-0.7526722585897466
2.6913813873754826;0.5696286371336148;1.5381368286756776;-1.0315458471283774
3.0636873485371154;0.5424364475919335;0.9957439944254359;-1.8641037161395884
2.6078196907409175;0.5688575629491565;-0.5409644594731329;0.38490154245947983
2.3361220969611707;-0.060874107767625994;-1.9892953632622334;1.9003707538337404
3.019463551453594;-1.259745754160754;-2.512453041074152;3.2810480395951007
2.06481194608233;-2.0570806565840236;-2.2228704680179496;2.4272731671934724
2.054229593201913;-0.9035719589954812;-0.7059327439666949;1.6663464072581091
0.9120776341514388;-1.0261990800769398;-0.2786054030779752;1.2310483697053822
-0.48828701884973064;-0.3126886230262999;-0.3076226092728374;0.5942233709045266
0.4414888086148361;0.6445477315975566;-0.17039922506887195;0.009987797300346681
0.8021244885970996;2.153920760914057;-0.925111683470312;0.2585162562903998
-0.13904238149457365;3.702603909639316;-0.8195345098869029;0.8681551837299896
-0.5585516708835278;1.7935285725899057;0.16861329510688208;-0.6004642581341105
-1.5706337326664537;1.6751577554569828;0.29163529646236924;-0.01019964908242728
-0.6508864044585082;0.8428629072058579;1.332311174892921;0.3764912459422047
0.46918010439686414;0.7058875490199654;0.683097542787258;0.45068898894829623
0.3223552147556863;0.47660773998844175;0.8417639041599235;0.39220749030146557
0.34450540888218306;-0.42846761442151;-0.1311884334573399;0.5159503512504866
0.23819056596850177;-2.3928670307671327;0.13752422940340966;0.43219751888471386
-0.22294537900029726;-2.702871176090826;0.01740984052373337;0.6669736443204435
-0.18525649950570205;-1.4285698050446494;-0.7258160285111277;0.48021618163303303
-0.5936465890974025;0.3225692213861422;-0.15201851662165175;0.7312399121501925
-0.7162146580587284;1.9670616705569757;0.6651956046736102;-0.41660687312878253
0.14662417763305674;1.3649657302691336;0.6390297377604262;-0.628058264790829
0.5783555949963302;1.2398280780193989;0.9272072148929572;-0.09972965477235379
0.5254304261968253;1.2250346398957312;0.520232428243829;0.09541362063587182
1.8990897273627778;-0.6649413861119294;1.0025103765207375;0.1697459961674173
2.665480406102008;0.8998754545766929;1.2141903807208563;0.0939390437510266
3.1883064726209436;0.25985913367537394;1.1101854829238762;-0.39989111896179513
2.398575831163244;-1.1629657403655276;1.168869661056531;-0.4556331032602724
2.4902148351521864;-0.3247460556718629;-0.4079177708004348;1.4304291459972387
2.1659327923572134;0.36420475270732944;-1.4852757237751824;2.604811180126199
1.78790097908787;-0.5606458506267904;-2.7947978167138743;3.1670993917019032
1.7573136070620583;-0.530981022766244;-1.5894040578889925;2.253392945665756
1.3081825325371732;0.8904141491575138;-0.7987508590182815;0.5639727520129916
0.40496969798947074;0.7666396927033038;-0.6769668526868442;0.7891775862663217
-1.0394730281283027;0.4669805712589393;-1.2186966368492291;0.163178113187926
-0.9600429147164786;0.7180394507863624;-0.9468674490629435;0.8350596849170233
0.3158267698916855;3.167276325351838;0.16423078332370006;1.0945734411242087
0.07764951985198372;3.3589033910209616;-0.3041609180143194;0.6448839241122781
-0.047465368070557984;2.0806331925207973;-0.24449532871118831;-0.5986760004600704
-0.5137841864074143;0.518969691803826;1.306370595499635;-0.8533154173686726
-0.5400338963910808;1.2390457249511329;0.47716577139293853;0.7325902088474097
0.25122434305764446;0.05688077639856762;0.8448910276941054;0.9090214370613262
0.06193724642275998;0.6551201498278956;0.40440204729578344;0.4090557455035471
1.0685685498301603;-0.5978740610830846;0.28320229043583534;0.16330002263854
-0.1421898912285548;-0.858848025020097;0.9839537863324042;0.8028463993336091
-0.9024915863849571;-3.058990796889139;1.3369804853349974;0.2979569137561068
-1.4047783446569457;0.6883293904374479;0.4802897218500395;0.9124972736026434
-2.093963132387618;0.6783278065447598;0.05168109796370177;0.5131307316676581
-1.3865643498355926;0.6906965310773155;1.0998109046558375;-0.6048838150524415
0.5749212750202785;-0.38224705567344186;1.8196932875792626;-1.330746363900511
1.4641786851047944;1.0965132560203796;1.0067542800864533;-1.119425133131299
1.4973586058356718;1.1175605674410019;0.22022601705192094;-0.4771509628525793
2.7820099294729177;-0.13518960412247685;0.6528701286063134;0.09845068612310394
4.0229496552651245;0.04819888997165712;0.3020871054174792;1.1675216226526826
3.366967896983615;-1.3513227734648103;-0.4569230598497865;0.012637747575264938
2.0651687169137762;-0.5670920806550823;-0.4267161758077869;0.9656407208795561
2.1166012026650884;-0.5144804861589672;-0.5509042055806183;1.032244749185395
1.80399678053741;1.6573629868560646;-1.5689030395412717;1.3422965660470112
1.6784369340281877;2.3914333618952512;-1.2137312112016352;0.8399908281278367
2.2822102233394714;1.2014686099004774;-0.6444148326989454;0.7482936244070729
1.3997154066144015;1.949443259881218;-0.48230536922819245;0.2512997195116033
0.2543180338174104;2.1613691479066683;-0.6707650111096205;-0.4370881316703338
-0.5137575229336522;2.5981497544097296;-1.5109373545511582;-0.601376327651395
-0.6337111525378443;1.9199752548576257;-1.2741701489461095;-0.32648221387728943
-1.2391097293978444;1.9757837343918345;-0.9698018153083787;0.6672244694612326
0.3997742539963858;2.0431721784076604;-0.18475879376225063;0.7625996585962587
-0.22982615156713865;1.8060665172321162;-0.24611303122017672;-0.07230285157332632
-0.46577366104071727;-0.5778010260479112;0.7702085079818617;-0.38259490789859874
-0.4658172534428528;1.2104487504436932;0.34561684059581355;0.6725276796486479
0.6427354080198184;0.45230437509791266;0.2236204897816989;0.4799541996119077
-0.06610999292457732;0.43239435956772965;0.4786641546846776;0.8061001736679262
0.22803430283073692;0.7397257921647663;0.05184584356065832;0.2347838147734503
-0.6413436915533192;0.10129972809616453;0.6560587292239909;0.6164618638753321
-0.7589034788334857;-1.1017059990000384;1.4580430915332634;0.15706926399796925
-1.9012902899156112;1.135312252687023;0.06063280305000083;0.2069406017848779
-1.0777208538951504;1.3994713032730588;-0.40764996543697424;0.003958356556872922
-0.16087764672594349;0.5632376839521942;0.45301571102670174;-1.4681579847080832
0.8701349942049675;1.7596225438043052;0.26915209381561583;-2.584945287857045
2.0144587839199386;2.4772873419173966;0.27363494339274297;-2.1146962810842123
2.2591682841317597;1.2641064266414832;-0.16036008802104998;-1.6782393806962561
3.6072433002945234;-0.8869648541215136;0.7318229341070089;-0.0690941742915592
4.841334640571295;-0.9920335009694694;0.714504650351684;1.013147030612869
4.27473512446231;-3.1058739575231082;0.16949885166345874;0.6594283421420998
2.2532003339411197;-2.707141764535516;-0.5751698649871245;0.24802516618416773
1.5470765500117463;-1.5106398526074984;-1.1950519973374278;0.3874795071995692
1.5222078289502934;-0.40984369314076285;-0.14631645303655033;-0.39775434213694005
0.41966703420130275;2.1915322293468242;-0.2885443852212879;-0.6594609888718251
1.3561429973067016;0.10503685657210242;-0.4824186887289577;-0.019764266774435792
0.7981827539199107;-0.6581458864475888;-0.017016037735367025;-0.019016420174876574
-0.7086777450480726;-0.8041303202008468;-0.551207703391304;0.7030128477506106
-1.5966036851867171;1.8008553753624206;-1.0831953082217594;-0.13785741623013684
-0.4038709939427914;1.0243993765031176;-1.5212693733896312;-0.043145851685289616
-0.36706407052071127;2.0069317478774646;-2.1960698529214966;0.36685676882146684
-0.4854286618826898;2.0947974977598487;-1.1150468187078957;0.8712728714418999
-0.35210917543986364;1.6337023283752197;-1.2484284939443688;0.617813230665798
-0.11941471974146169;-1.136641886318797;0.19773409933187083;-0.9218032039368658
0.049806668274052814;0.40187678163175333;0.09243805051759452;0.11547761248387735
0.2370825254584383;0.2624024578075157;0.7048188510761493;0.9423417853330078
-0.23073806464230232;-0.16328596953409727;0.11108875314701036;0.39345819041523605
-0.9442186269495134;1.9157399475276558;-0.042274888850658957;0.3188750908515478
-0.6750652245166823;0.28598326514550226;1.236386720140713;0.28065375434240214
-1.5001974823403017;1.2067453303597728;1.0713767054056311;-0.06521050868135284
-1.5293542890693324;0.3011690305391754;0.42883342795653207;-0.5908832455076433
-0.08934478226031076;0.42125148759984876;0.11475655543308358;-1.0733701715128123
-0.36685403911087006;0.9498601390497434;-0.4544753591572186;-2.3003911379911046
-0.6785024586815633;0.015285531006978707;0.14006174652446232;-2.06388675874765
-0.45033199985158584;-1.2555047466227494;0.6300293574163617;-1.4432227772614554
1.1293103462916263;-1.5584735744619622;0.9882730548747011;-0.36086197092332545
2.012441845600414;-2.3425506002324976;1.266618976595791;0.320570856531858
2.799000752426839;-1.7784572688954585;1.0872340427821063;0.7281748292045783
1.6368740534614747;-2.174929753453549;0.08769667070632432;0.6078143829780184
0.7732937369703186;-0.7410062457082535;-0.7366428728090367;-0.05847075557087244
1.0632697670380544;-2.3962654032120647;0.25594350948442396;0.591081817036935
0.1466604993051756;-1.185972602816666;0.5883376203072757;-0.18818044680274085
-1.8698923428235166;2.240885908653679;0.7084858934470951;0.11777607332273313
-2.0309147513985892;-0.9295358467735455;-0.05754286847850665;0.4582736843507901
-1.315922984569855;-2.495904182058867;-0.8036215183662828;1.4482585904225493
-1.2997027986955163;-2.467773519223087;-0.9547153633700025;1.399840552300607
-2.679573456555889;-0.8208603628976423;-1.3056479342128642;1.3717142362101449
-2.2751772480824517;0.5160432257619506;-1.2004977376730466;0.7006107167718327
-1.710558987228555;0.4104962301727065;-1.1022294764765432;0.04421768063442145
-0.10889600899920993;0.3053172242837542;-0.6554744538899174;0.14946640119178195
-0.30607905865446766;1.3355066616767224;-0.6700620327926683;0.5687824967311654
-0.5451740022221403;-0.005513491744525743;0.25037690702657683;-1.0195371655167407
0.6182973489181969;0.20914745814162763;-0.25222856659917375;0.1164493614360252
0.585662767622271;0.26093621289597824;0.27325366843963383;0.4134761986060058
-0.0403318712932414;0.504873227767565;0.18024577022382082;0.9153214555175976
-1.1828920625678756;2.7356530845799614;-0.21295919037674116;0.29703032630199017
-1.3545017159893527;0.604924304302185;0.9153410810999146;-0.33482282925548446
-0.9501651400367945;0.7875172808944179;1.2762599770403285;-0.15604894022570856
-0.8806886921005631;-0.7452242817086397;-0.05769302768408107;-0.8435732161840845
-0.2233081307572725;-1.17949190167427;-0.6390357487499961;-2.0071813106354384
-1.5709962456227027;-0.9058450267019211;-0.35339417675183316;-0.4376604995533986
-0.7848282237773867;-1.1918148248126343;0.5490087145362179;-0.2961229764557189
-0.01657520254862704;-1.3363454024356975;0.562954547957843;0.6299322899985343
1.1428510827889082;-2.39313473924061;1.0187417627052782;0.5182472275709521
1.7553969129569793;-2.569297580906362;0.8501209571370074;-0.5965883379325819
0.8731693987007079;-3.1626700584640015;0.9457436209107042;-0.9299569412037302
0.40210596609398697;-2.182981391696412;1.1668342175470714;0.20723403019324682
-1.41402517967796;0.12358827579268458;0.06049179764960376;0.3783513845694112
-1.5252510803447077;-1.493885956154572;0.6478343314466993;0.3073419080647676
-2.6387942787626404;-1.138606424257992;1.5332989258132275;-0.49595458420587785
-3.055689843844784;0.8365454365991218;1.377839999790086;-0.3941091137625897
-2.0815866459798342;-0.003391107433683454;-0.2391365499861487;1.064277652444988
-1.2304497602289435;-1.0370878876207772;0.2823424566764082;1.9216593549933974
-0.9108478772872358;-1.597877550767569;-0.7069848092002586;2.4496986381204566
-1.5883899585851713;-2.637564042770898;-0.6941108030783013;1.5038344594000965
-2.887902024750831;-0.9258102860487235;-0.4632561980926305;0.4600085416241753
-2.5196645798450454;-0.24943240483862347;-0.09866077109803192;-0.39501952638913773
-1.3184817585844875;-0.5642814199080688;0.6730945345532111;-0.7307827049140554
-0.05910732764282151;2.0142974955933175;0.7149350398073605;0.04207635420384514
-0.7273563410582298;0.6394023330425684;0.6274426492852503;-1.2080655624001202
0.7664832537464439;0.0149797221148658;-0.43215754448006055;0.32059402323041764
1.010869916929238;0.5714983893460868;0.4316922978515839;0.27833299367636977
0.170938847035223;0.9882074035869307;0.840019926253055;0.41658159518561233
-2.020407546179268;2.137942601913515;0.6004601910086438;0.43632697054948244
-0.8867475093444185;0.5105223908738455;0.6893624016236634;-0.7955017957309793
-0.5273593327963982;-0.5997426902266737;1.2232127758410212;-1.3081899378579958
0.11112178789877553;-1.8983756541728403;0.2271002823370825;-0.9163613779399038
0.2156501163104466;-2.534182034504838;0.11120202033261821;-1.2885107247255356
0.6438298423515503;-2.8784659012323983;0.44779045878823315;0.22986246798213766
0.872224786683811;-3.0684885733423064;0.9818529298013614;0.5529969490700076
0.9202602890011577;-2.718688798984179;1.2653298762609098;0.5979607804983817
1.435655999131374;-2.2518683182881087;1.3329591317783678;0.2414153056580554
1.4108158330249714;-2.488586692091436;1.1236046987130686;-1.5678876208155195
-0.3114984009216507;-1.5317976537792966;1.2905209377353786;-1.0698117321192668
-0.10033774870155043;-1.8635202714936654;1.0169657911998498;0.12718132014311628
-0.8423189380729675;-1.2034423180959783;0.030571487243877336;1.2732897467811104
-1.2807657416832952;-2.0211883842400398;-0.4852430072320357;1.5511187969468065
-1.8142184951495322;-2.088062593069123;0.6306875961683573;-0.29149411880304726
-3.0177028340729124;1.9856629160739498;1.027855706044182;0.48463118405083006
-1.9288207094708363;0.5036090885614525;0.6710634058349543;1.5823209302196561
-1.6582835253139154;-1.2776233526389813;0.581160376395579;2.340774254968439
-0.27022106648416766;-3.065544592929495;-0.15927333734503904;1.6882770489109948
-0.09177383966122421;-5.091977019858051;-0.6674269233204196;1.543347259547422
-1.2154616361035813;-1.9613389262857082;0.26217722409356015;0.8856599530880059
-1.8376600571528128;0.4498252824477611;0.27344946549854116;-0.6415912092528429
-1.535218188790078;0.3845625352598056;1.3140236076462957;-1.558587852731416
-0.2744262632558904;1.9351962420050066;1.6976900235867631;-0.15676816164125779
-0.08735209258388237;0.6560967305406291;0.5416186243480607;-1.1224805738495875
0.12027859348806458;0.253373716981178;-0.27550006890434936;0.0940684273504606
0.6422109147989032;0.6784378825666437;0.6337128563431159;0.801111726185734
-0.4408216704609145;1.0311327102170948;0.6691661492484676;0.07070300307002923
-2.087629568537074;2.06626377929866;0.24281480465581154;0.4944346652320477
-1.3916703335826768;1.6786318811614482;0.3017983700200579;-1.3059290857731396
-0.4870290570512589;-1.6264746745152914;0.6073152363578999;-0.7290534879904261
-0.47876266750679736;-1.9191906151451545;0.5741420437623638;-0.3744709103615807
1.0612894544114735;-2.3117818720610357;0.9360899915647725;0.13929853988042293
1.1261993344647416;-3.211237929931621;1.2114853082727184;0.9859499774129549
1.1380896677422687;-1.9312078163750404;1.0229198875863186;1.1722712613417796
1.3050013381866434;-3.070504431910843;0.975479485949975;-0.3239814136163543
0.31163251971352984;-1.7490929254163687;1.10819041628737;-0.5052564463652827
0.4839076301421972;-0.15156998045137757;0.886910253751892;-1.492247625850181
-0.8259318841355527;-0.526591123565068;1.2642263351566272;-1.5917967072376638
-0.7542259910002678;-3.157319869719924;0.3239515377847964;0.39222415454151793
-0.36643568765478857;-1.8005111821094648;-0.0859230611184514;1.846231986725797
-1.0822615201352346;-1.0344533475969093;0.2506539903493692;1.6963846293104805
-1.1083339825131515;-2.2491132446277873;0.08093488514981402;0.5580510483105715
-2.420980520185779;2.1545277423485856;0.5796901008702813;1.2058399412494722
-1.9356146917427908;0.5885891432314521;0.5894635477122174;1.309062091455288
-1.270619924710218;-2.8960944395494512;0.5783457261503947;1.3138306219519578
0.08361546872390671;-5.154237760668442;0.26886924370311305;1.1771904714964503
0.5201402275675411;-5.287791627156081;1.1570573037915965;0.2913505884568932
-0.5079176010287706;-0.6146189511270151;1.283810300260108;-0.16145870225954098
-1.4071322706561646;1.981373781435213;1.9983254719877193;-1.6067671144602402
-1.116540839172695;0.5485526939034843;1.7584387836366973;-1.7015000057937169
0.3640072897695362;2.1511268695140244;1.3922957213788911;-0.7752425418233096
0.07313700359995245;0.9490708691926779;1.053662834154074;-1.275798621811408
0.5358186031738253;-0.15501983534292485;-0.08974174649673977;-0.4395113716740096
0.907446541657303;0.4935706145429401;0.11612979447884896;0.6768437579504434
0.19530635375876101;1.0701789561379351;1.0115082226702063;0.8636102240915139
-1.8896579998952092;1.665709920632043;-0.07769995476452954;0.9933096276657238
-0.6827566783792388;0.014720797789339322;0.1997738388405428;-1.2575856358845254
0.14831262974792275;-1.798674766009526;1.4455636189278973;-0.4805365746992362
0.041808975422924374;-2.6906792024974027;1.2662289531428892;0.6962673657734324
0.49840042515265437;-1.3008166459342876;1.2940947876483337;-0.026002195985035864
0.24807242683361994;-1.1764553400077076;1.1472499125382511;-0.03237582177001944
0.0540086059571034;-1.1073305036213572;1.7815506917580408;0.19368668162565106
-0.5798057145432989;-2.5511747640639033;1.707987963128588;-0.551066842387524
-0.7003908051979699;-2.3951639043796087;0.6368031128157088;-1.1237784388788181
-1.206596206778163;-0.2310071408745222;0.5147839088533204;-1.6296964439916932
-2.0896168948246374;-0.9767691629403453;-0.001006628720992657;-0.4286337871663646
-0.3276089404410175;-4.388809575774091;-0.18080475005122765;0.49348396573356035
-0.3226790001343032;-1.9864999168630748;-0.12687195802372092;1.4622891819993302
-1.0407138743186906;-1.9099722249098074;-0.4665310183497471;1.4795680141172103
-1.2650715235241115;-1.9860638826903727;0.7127260033398907;0.3171530637301961
-0.914471576648355;0.1112672673361642;0.798823670737043;0.05260034809027287
-0.8808119352939683;-2.0652476405584888;1.2772182862481274;-0.11250349120280076
-0.26440380837479105;-4.478899665055325;1.4101938674689547;-0.20174218826010826
1.0593732554280078;-3.6223400005178035;1.22885719958645;-1.1054444601977325
0.5511180097258129;-2.861794275936409;2.2154470262216046;-1.459903989941963
-0.0714067498923361;-0.7696748729486881;2.533303212054952;-2.174318990356574
-0.1148983628646044;0.567559630182168;1.7768844393794239;-1.8302871019753522
-1.1770252460012003;1.1048898189010972;1.148467592791882;-1.1498506352791338
0.45857955427506636;0.3201315562737963;1.5036312571046662;-1.0134266342821934
-0.03487350880295901;0.34884428771725745;0.642479537534931;-0.43770451914179626
0.6592705670408571;-0.5987123852636935;0.07713234005257298;-0.2840920142760617
0.5817563330073564;-0.2320349480575535;0.8789035767499536;0.5495724109275406
-0.12453333226721572;0.8418836178859227;0.8584808332435611;0.1600283018545594
-1.2724377235681417;1.2311664001724314;-0.31970575947759233;0.43783143413231024
-0.37764756796101334;-1.1072544714157826;-0.47194934915584275;-0.10050912199255105
-0.2809821518285312;-1.7509648146229582;0.7009517568041563;-0.7193591266931597
-0.15436377158587744;-2.4845934496125692;0.840003702928842;0.15903710960461429
-0.0900978622905431;-1.05352554860193;-0.09467769400287339;-0.023064911445564103
-0.44968709525842543;0.8817550839700414;0.23602022841831088;0.5124088920204369
-1.9588228066143099;1.1111305234266027;1.0953601655818983;-0.17587941771281504
-3.0497956847150767;0.0392463102645554;0.3578554624133111;0.07161008240169196
-3.2030115846397003;-0.29083484808666055;0.387230014823813;-0.19628213241787218
-3.129337548880759;-0.2050580634592006;0.27374753318227973;-0.776225031390978
-2.6679460281876044;-0.8998252896815143;-0.7164337907984116;0.9540757569365228
-0.29256920607100645;-3.0221992706285166;-0.6012628629391445;-0.22053932049963273
-1.168069466129097;-2.295087013831655;0.07384769456515473;0.8236460154098818
-0.5436603770451084;-0.24675120422789215;-0.7099495753051163;1.9807640370043271
-0.2556037108868116;-0.5955939761460809;0.28934509923058566;0.8870699518026015
-0.0015298337236235042;-1.5470852980609675;0.09399089353081354;0.11374979079285312
0.5894473484588669;-2.1745624749985213;1.0340519478999564;-0.6927601463143147
0.10406739028546043;-2.182757241169614;1.7373432443561199;-0.9311210578406313
1.2449645914529803;-2.257875507466881;1.5281007357099752;-1.6158414445323583
1.4640361248114937;-1.023182305173196;1.255810163923311;-1.5482958858163474
1.0141062092922029;-0.9504182615728158;1.4740974216673937;-1.2717402218329534
-0.15544305025047256;0.03303173295218299;0.9155182375031643;-0.9334779965209267
0.7714039939449061;-0.06072869718544694;0.6445324755096438;-0.8594640407820554
0.8464407774935081;0.5361560008958248;0.12083014127106795;-0.18947782708671576
-0.04095328182527976;-0.6803491312958313;-0.9919373014983093;-0.6213444004028487
0.5051979486872316;-0.5835751144466232;0.04822058164906362;0.02930294252395119
0.3475332151339429;-0.2075408998600285;0.23853908764760692;0.9931075775147092
-0.24887564905837675;0.6745047419726361;0.6979255378440662;0.9321408548113554
-0.7423464906103989;0.4842762243881283;-0.3664193624880078;0.4651585652918358
-0.6554953979871754;-1.8718444250990243;-0.1672000225372077;0.21953610501938306
0.5155665988388541;-3.344694607702428;0.3997235394810882;-0.14884179698149522
0.5939822171552698;-1.0384990954082145;0.008293120481086562;0.7689904710185265
-0.691565374101285;0.293250970924357;-0.2839189702181675;0.739137352469879
-0.9520538320381685;1.6093736661466982;-1.04059501028851;0.3072409057290313
-2.44837065760162;1.6668633371866988;-0.4971412380458546;0.7679924235415011
-3.4009454371918957;1.355471404196318;0.035550804580420634;1.693687681097441
-3.8327198816981545;0.4041290842641768;-0.2928037771670604;2.0759466100631485
-2.774748365180862;0.5883108351947336;-0.7226327066577043;1.2441139034510678
-2.0482903647746666;-0.6706902183350572;-0.20816795850865166;0.5930014421788249
-0.5047279146718993;-0.7391849073757302;0.20922791214401926;0.5073988994202575
-0.5920110564976033;-0.8214401452011714;0.3135234732566768;0.5136217591036168
-0.04681929182110264;0.1138961331184215;-0.6087072213775943;0.5431617122091241
-0.1852098524619206;-0.06978264577597995;-0.931482531156749;0.8401111921904046
1.3735137666122121;-0.4335080966796693;-0.668695678857499;0.14672062780019746
2.7768285915561104;0.07212206481820387;-0.5043854051052014;-0.049212237890336914
2.309302593921181;1.2965719857060873;0.4415547162649146;0.15577677502527984
2.2551083170792356;0.2785907236673584;0.11808924360522027;-1.29379459006513
2.0718174164243077;-1.1136244010117982;1.0497324174661313;-1.9568706000195764
1.6273381629880654;-0.9162191120561587;0.39621361666258575;-1.6887587657458376
0.9817861605514595;0.5908349226728896;0.6320538019028152;-1.0882995284824581
1.5745284274642566;-0.3901231437870594;0.4165449237154824;-0.2803039615210957
0.47415099141161315;0.3176052537124346;-0.3231039335166538;0.33224506352596744
-0.29876812561598526;-0.8058204414186382;-0.8053285095829834;0.036762425187772264
0.10946911396409856;0.06240477738044194;0.4413768165400638;0.37837358015124106
0.05660351573217173;0.12035338688266871;0.06794012395698708;0.8708002378489889
0.33236334544710416;-0.11938939154762483;0.5445411471725067;0.6179116848298586
0.2913283312252635;-1.030587292742319;0.3626777724729447;1.116460476590505
-0.04135346660354879;-2.64959314056907;0.011067154007506973;0.6175237063106694
0.4943407884579923;-3.3133307965742342;0.6236561373316676;0.25232124573525955
0.2563771959890981;-0.3912852281549497;-0.01181697980227206;0.43046265191439276
-0.6875428035395615;2.5945479991924683;-1.129482181447096;1.446988554869931
-2.3813563783289986;2.2804545175492437;-1.752412970865357;1.4295680299118632
-3.3463952177144742;1.497599810382262;-1.8973576681841884;2.428765416907501
-3.449785217060461;1.2868443427318201;-1.2204858249782033;2.4929079071362725
-3.8037575460433914;0.39331602515487024;-0.8811732717821446;1.9189753120993747
-2.616478026996737;0.5303733870971651;-1.0115330156831372;2.003616011063773
-2.72958984597413;1.1441533302276854;-0.6282682599945036;0.7398928959123051
-1.1185166972902973;-1.4594150796953753;0.13790613699880033;-0.43305833099941776
-0.8906220987308495;-0.6910309025906938;1.0158139874481789;-1.0916547405436354
-0.5736979928315226;-0.2669773522944511;0.5722708268077245;-0.08200994338538589
0.8401303831565452;0.1674918129652821;0.8677408280591589;-0.7859974753091705
0.9559073568027386;0.31011632194311156;0.15714045040883345;-1.0856148670821713
1.9145441679019477;0.5600434924940576;0.40881359373704385;-1.0594030609468474
1.8107650649360665;0.5591673821087577;-0.19866766758013957;-0.8407406253778783
1.5973535543506527;-0.7499581148261575;3.3323837781035436e-05;-1.590642916195974
1.957616842295994;-1.4886274714323975;0.32771512944268427;-1.1868801664276265
1.7911686174124337;-1.211630086470078;0.6324640434850468;-1.05639893767491
1.0888588184823977;0.06590588582954421;0.5230891080242352;-0.41590129454134367
0.5479098261843839;0.018133907013898644;-0.9068408584779584;0.7772877285938222
-0.510550625084625;0.7169026885447808;-1.0680229012766447;0.66658443279417
-0.13024096632149626;-0.7003802593396802;0.0008966638146598135;0.7808043251601957
-0.0018275526429009762;0.11709800707224673;0.5514739146563833;1.2202297048312158
-0.05827765042598286;-0.022529599960315786;0.5638200641875062;0.3797710539576429
0.23737045203676077;-0.03538920664611632;0.34733533998599997;0.7772067966427565
0.8575677027467745;-1.4274331413954384;-0.33933145778108753;0.886871713790084
0.6634218531402766;-4.076493847646979;-0.011647332538793952;0.6376876344654083
0.5759507427197362;-4.455059380618133;0.31563792482282893;0.7580411298656669
-0.8409660690500584;-1.5693964407551424;-0.15998536911972178;0.23015763651438326
-1.665926708769968;0.6891060598235447;-0.8841105141202859;1.123668080513576
-2.631298209270671;1.8887783583071762;-2.004301301731411;2.3442563857986762
-2.9565889039807027;2.2087121512843098;-2.1628831301539853;1.9473210941977062
-3.0788968862666546;0.7902589625300572;-1.0838880752300692;1.7331424085678244
-3.8106608086948457;0.44669850708621156;-0.20411419175484216;2.32682502763008
-4.214560846695536;0.5160765160182462;-0.6651595973971293;1.9182217686431822
-2.867383659436086;2.4844053459325552;-0.43230128291379033;0.9468395759837059
0.34513651929579364;0.26401934468235083;0.5253500251254973;-0.6710434263956562
-0.5009012425550299;-0.1376710110847718;1.1361732601604404;-1.491716316039173
-1.0753889054328813;-0.7960839007249785;1.311297995594395;-1.4252736410857763
-0.46223115212693144;-1.3833764210061903;1.2433573742984794;-1.1627602728479691
0.17249963817680322;-0.4656448457781806;1.388369338771663;-1.0275390132679025
0.9355989967403239;-1.3468736648459143;0.6255604186830318;-0.7764447741768945
0.5335974805410312;-1.4564476759657397;0.829356660795159;-1.0207894261282937
0.9606215461967533;-1.8812024369973086;1.027659681371101;-0.367428687325546
0.8579155061585308;-2.06236949531483;0.7782927307186196;-1.1343940114705144
0.4943334212559219;-1.9084639245044075;0.41841478462265097;-0.30786326159166133
-0.8132660934336209;1.2210008106160863;0.13273429290434186;-0.2611298476176872
-0.43815973248686446;1.6773019255810468;-0.8226778757722487;1.1633589249513283
-0.08613944920231818;1.3508552016282607;-0.13559657880225895;0.16214431323822232
0.1487569517119245;0.7007632867691966;-0.27549138828660796;0.8666683325833153
-0.5892595466233005;0.829655577567129;0.8102292926844233;0.8389327656868095
0.1389991870859254;-0.013839407246882528;0.3549132018800611;0.41912793272159726
-0.0876884311051825;0.7152316282767897;0.9978429888111325;0.5160548821204806
1.2448419252293623;-1.0161994952414855;0.2229378282408741;0.8121009410612351
0.9841059865920564;-3.396146667152364;0.40827385898806323;1.070284155227873
1.2305254239999621;-2.685271446491589;0.4876348862324078;0.7076255226542394
0.4593132303677411;-2.067917075513755;-0.025275484969520624;0.40260504311724227
-1.6567045504392106;-0.29978917788773624;-0.4911872092953919;0.020464689421443295
-2.6389654603952177;2.3954315584033488;-1.4753953659237056;0.6893894999408728
-2.8660421766018787;3.1793524345048985;-0.5571149346493952;0.8665288887258642
-2.870224116373746;2.0905318858564095;0.16479156365608244;1.313592237351205
-3.501900820413306;2.829639180726777;0.08497671714570627;0.9582811899910213
-1.9025455683750039;3.226796754400065;-0.019985697960598705;0.8629882149045599
-1.1530372650854812;3.380980407560696;0.26799574048523495;0.8070432968394338
0.7294717009444605;3.491679147119071;0.8601539784324563;-1.2920846213280812
1.2348455226586206;3.133298142862718;1.0274464266647902;-2.682458783993884
-0.22038621938551925;2.584010821467239;1.0989928565741425;-2.206366440841201
-0.5296192462947426;-0.5975783159612061;0.8878229740443627;-1.9215974190331013
-0.9911166087105293;-0.8332010413643814;0.6749215316725892;-1.0204977312015853
0.4433740807949412;-1.4932146958241606;1.2966271503096234;-1.1764043122992527
0.6187624013920806;-2.736154259521603;0.7533953393353459;-0.7245943370851844
-0.012884356718811923;-2.41044884441884;0.9166367420523528;-0.6850412651954811
-0.253741910105864;-1.2109339937477688;-0.12639096265417102;0.14189232093519397
-0.655059752454191;0.6944758957535364;-0.2399620917472682;-0.4787498514717369
-0.628785413631488;2.0836211802932523;-0.8029852998436465;0.5262210284739849
-0.5738870967935924;2.5367304165668383;-0.20167719826694844;0.31271031018187445
-0.0700050008850322;2.1319310324661704;-0.09121254496487596;0.6196944369470043
-0.3450269788713875;2.6051843741879486;0.36484938128423094;0.6320986744771452
0.09542943079635195;1.2476202982961204;0.09019844648202105;1.070178873159943
0.0988521721183415;0.39508328021858774;0.5926952774454545;0.2769412079594671
-0.05351738694008535;0.5763529896455488;0.6637896056635977;0.6800650457247771
0.36910395243089;-0.15646184613367425;-0.12914666757861248;0.6410963381007821
0.01785425508879264;-2.1910605955746627;0.6109715965005288;1.129501214848712
-0.6526984271997838;-1.304304120253878;0.3779299129062904;0.5224835441953982
-0.43609914178378056;-0.8192247781846675;-0.2750503051575798;0.9440837926374277
-1.1001976922419734;-0.8279921382942315;0.1354745839448773;0.6222147602234785
-2.037725966229462;1.022310526284526;-0.8966885270704268;0.17198548091759194
-2.360407814263362;1.5814567361427805;0.009786471330264373;0.22383732093681924
-2.341139340607106;2.0874935093607334;0.39741051957963125;0.2839012346454952
-1.6279404044425552;2.1562151888668906;1.1340635432245956;-0.28517394420596126
-0.04970821760775291;1.6593050959036633;1.3040482243005131;-0.1399461100144404
0.19992576090646005;2.7859471737646806;1.2331641331849965;-0.17177133900749453
-0.04398022418878011;2.7236823885482018;1.833551206914401;-0.6066842811517618
0.4241167516212383;4.716977855487668;1.485294962297124;-2.3160911182475608
0.154850301023063;3.8504813430332274;0.41194943076693685;-2.14024248091821
0.03959207316042036;1.4972195540852893;0.033416590662732004;-2.278442375903418
-0.5137370926622786;-0.3048547803881706;0.598375558191394;-1.806575382868563
-0.3979540642095676;-1.0252960910911397;0.1119547121396067;-1.234859241603719
-0.09277983777352836;-1.921391305824286;-0.05575892810110915;-0.4962740618359524
-0.6587674947433086;-0.45477576781515344;-0.05142936582485708;-0.3472386854163376
-0.7835999423509746;-0.47675658472065174;0.0992662598387764;-0.24972398817813518
-0.7931145835039;0.08486773005287299;-0.28068435018111665;-0.250168498307762
0.17337178672956333;1.1885425306140072;0.21408415718388046;-0.09169721189496174
-0.5391158215880147;2.466965191180752;-0.41673276710978485;0.2514779714420931
-0.22726607888481168;1.339984782710272;-0.2430280482822893;0.22874577885872993
0.3131517338821556;2.029561952425434;0.6854768596800783;0.6894613278906262
-0.1734792227375855;1.2376377604100002;0.2677343951513652;0.5244181507881596
0.01979585035815513;0.5426014449917409;0.8707969664400645;0.6693627156948446
0.3804471789727822;-0.126679387368211;0.19585735513033092;0.5168399035015746
-0.24552638250604855;0.5004844979971458;0.5887394143945376;0.49160761900359795
-0.19075384776368123;-1.6587453779128605;0.617789891631372;0.5463050383494633
0.14736245903463108;-2.0546023840687297;0.6417652335795626;-0.00015970258323038977
-0.1112864769173203;-0.6805903321614346;0.8403544653714369;-0.02492343569295616
-0.9011997688136657;-0.26834370324099;-0.3796339842251453;0.46412493910251085
-1.3605625888441089;0.7162318266673136;-1.1296438387781726;0.8987246993666488
-0.5480249326269603;-0.06079986670661623;-0.7647858265264723;0.8353987272219081
-0.5378203049028831;-0.38706526073067843;0.1246812414327401;0.6403321857186173
0.04881095715105719;-0.06891987089426055;0.01899460350213799;0.502723818743041
-0.00823439142754071;1.1574174627967113;0.8819489159347402;0.4652663325935469
-0.246758909626828;1.7821347183433904;1.0293106725708578;-0.135239644279106
0.09656821716096149;1.6345654027729928;0.7039274023371099;-0.23193809290387166
0.08769004878268605;2.1122546039017003;1.2197104919496495;-0.4732601267198976
0.3007578190373641;1.6717644398049623;0.3964664046146153;-0.6681217737948744
0.42056390396553484;1.9658879812435957;0.7877983196292405;-1.3759634248730221
-0.15066668515798545;0.7455134660039873;-0.11759583957244003;-0.8003298915412902
0.010775596970769874;-0.0409722861338839;-0.2314667704168275;-0.06215580274283214
0.7269711580484844;-0.6362139727455809;-0.8356428040658009;0.22635884057644204
0.30573170524138643;-0.0042813555481635525;0.05416834766528613;0.16065913108067037
0.04713998678889367;-0.6102241457494602;-0.21211110467874966;0.7045115679686248
0.025385250910437283;1.001020455481972;-0.49270317752582693;-0.2215258162956963
-0.453508449978176;1.3487733177259031;-0.42895767925884815;0.2565412430023974
0.3599710812077554;0.7640038334838309;0.27618098194798985;0.5699129541877794
0.24807572100684297;0.9382786531427612;0.19839466001211223;0.23781795263193678
-0.042707646404728475;0.3391029433411728;-0.01613403616359712;0.6901230322863687
0.6166921531944509;-0.11620492004944903;0.8462495194616199;0.10391012494545408
-0.12809644302571005;0.35083096947824877;0.7486097032804853;0.21750905564469603
0.16175269968867154;0.4092489241324571;0.1524596622249104;0.19550362770013516
-0.03902980379333749;0.40210036916637154;0.23318673951844868;0.6827626365416471
0.5388986851059775;-1.1283710128634097;0.5711073037442267;0.920748523840889
0.3081661679911089;-1.4139233724884206;0.14131863231404626;0.06669791624599705
0.15595328215607202;-0.8834934264136558;0.6600910166736343;0.48376236282939283
-0.603252461739236;-1.2445052969651482;-0.20301678702052536;-0.09671404371486136
-1.3504153323680348;-0.06972341507416904;-0.16898916029512479;0.7719724143112783
-1.6992523647677389;0.16148010654291908;0.7017248360803905;0.3577883760136665
-1.4822426050567894;0.2603367997062079;0.12799966348871306;0.45056687105094284
-1.126062734583808;0.49186987441545466;0.1640408167787138;0.4797893952608497
-1.5284099351255194;0.9040234683853404;0.4585158250602629;0.22253408364024027
-0.8186999031730297;0.4073577126015636;1.168086706294471;-0.012668537519954759
-1.447426705855204;0.41357244271857296;0.702675828144373;-0.16299294912704382
-0.5998680044097583;0.1900458184180373;0.6184623403606265;0.06421643240647332
-0.8692192310548238;0.5113355822639112;1.1060859114032646;-0.5642969865486722
-0.7682284877866112;0.05445527960071955;0.39210217425245686;-0.675962023668447
-0.3236990953319453;0.7351872046199116;0.3018871354621437;-0.033350279134087044
-0.29015304230383354;0.48802712038473556;0.7706982681420719;-0.3020617133632672
0.5082190960568814;-0.12955645279353492;0.30861791043494163;0.05562555245305986
-0.10719174423982922;0.4629061995261619;0.07542243138617757;-0.19879289619884483
0.40176771077635454;0.19538395625698107;0.3975029083084178;0.4609999644931133
-0.19361179639985177;0.5055670324294393;0.7151883411876798;0.25966839559285587
-0.24083982686420652;0.6357219975829708;-0.18923092656121815;0.6058601314802619
-0.43882395525790313;0.5456575287234245;0.13696073036188683;0.19556307381669086
0.10894602617649402;1.078972791570152;0.6187286591451167;0.6308836772325191
-0.1642444398490137;0.8004272952784826;-0.14598252344549298;0.22118826373336437
0.12153941001628363;0.14680221603032126;0.04007984337603552;0.8691975012535943
0.6391011432524916;0.4129062149579831;0.9772316262345114;0.19483871716142007
-0.2973801901357435;0.27605783036359227;0.5801001752122048;0.9470852913689599
0.2046442885786791;0.30160148796527747;0.15857944435289562;0.6234399590207009
0.26366380225809904;-0.35725081646127943;0.7644408877968871;0.4228209234476145
-0.2807370164284821;-0.5951835403389165;-0.1444918356955995;0.5144135200757356
-0.36227595545302255;-0.28568335328165806;0.5471324755809209;0.7863878732306605
-0.3478610100634231;-0.8070885609967452;0.4004059558950925;0.4809692028599607
-0.14518488736680074;0.21472697026976673;0.6492167906768669;0.8777069493556184
-0.38108911351401736;0.6874926532370906;0.03347623005490631;0.19603692244611046
-0.7017756295558467;-0.02212526434927154;0.5397359126691941;0.32681472454329474
-0.3128268144558099;0.401107734135197;0.014153336180532154;0.08195118398347774
-0.2704087460519259;0.3864693037524447;0.5462651610960046;0.33804262526690076
-0.024676403202357967;0.6136892892488219;0.9048558548832581;-0.08512570529861802
0.12737077217115148;0.5145187089491275;0.6908899577292905;0.5111139178114231
-0.11115776748686122;-0.29316454931177277;0.4689106452165516;0.6268443522704293
-0.08894784279292287;-0.05946891705641898;0.18421499987599002;0.012811050102237338
-0.22949036096588424;-0.22778183970740715;0.6155421293708566;0.4650014439694871
0.13297964523014888;0.17891524298108513;0.9984845503531006;0.29370572077976165
-0.16296249647994634;0.4314286127575545;0.6397501227860091;-0.16590503746861768
0.047927409155355746;0.09349703468578494;0.6530018196436874;0.4396446970753342
0.11970265051091508;-0.3615070207392659;0.4851897085346893;0.47696146118944277
0.4470031243758225;0.03431425002883096;-0.05871117409156716;0.06885860654194886
0.710805113596313;0.32328003679795336;0.11404776723668526;0.25918832671515063
0.5692445693411546;0.1734453829120303;0.6414507645438775;0.7159069627317557
0.473338292740643;0.5685947781514654;0.5376540695588502;0.1492584803155245
-0.10110687272877271;-0.11585018644392789;0.21019508032510048;0.8255191560201419
0.0558685258409405;0.1857768327693241;0.09143568244976888;0.535450132262298
0.12394261937945988;0.11676728371579774;0.6414440204941634;0.33941339029777307
0.5283938154474782;-0.06003186795372197;0.9172519197961205;0.3402355451708207
0.3264446118637694;-0.10260364683272175;0.8719189282297721;0.047609280781898286
-0.29889803359043515;0.06998773784618711;0.5532797128558715;0.23921246382933464
0.17904131282495608;0.5767851613616463;0.13469803139552686;0.7936576769356942
0.35697086594268623;0.2429662928866954;0.5455766591554899;0.2549109596267626
-0.3124324725753746;-0.07763136350826831;0.150607723886199;0.7582209437128808
0.1679334950683845;-0.15261603928354067;0.1374576438134519;0.5239859677398296
-0.046076838303423344;0.0707336389486151;0.9881887078001075;0.03818459269389376
0.1372366954551108;0.37779248683733546;0.442226795190867;0.6856600069618097
0.6313208676184995;0.2496917278479029;0.6095436727227915;0.5688027582407866
-0.24376415000010349;-0.06417360755594614;0.6170964744187142;0.14773123866577
0.13260496671932306;0.34237125108943023;0.453949937110596;-0.019547042914775555
0.38143337006670397;0.594817706035082;0.44248302530495925;0.13001600843207903
0.08965179220650514;-0.27002866330412245;0.09043144324849976;0.4762479824085504
0.5108899727430994;0.5082278995924071;0.7271425666600088;0.1387108476031055
-0.10885045274779713;0.6122223958013175;0.8368199084677963;0.3953164108427156
-0.16294460920042306;-0.1550313339426814;0.7259404362685786;0.23485533871661335
-0.1567402907663046;0.13671553989981938;0.49838119348722915;0.48182252696568184
0.34910344961546136;0.5276057893001437;0.0513203736486256;0.8579445907075656
0.29857285633917846;0.6501919731809624;0.6216343761512674;0.7093523128914814
-0.1012862443805062;0.6579901812423865;0.75678641307871;0.024448548747849037
0.35276626175907994;0.37267409918835664;0.4753011442136012;0.9898705388340947
0.3019604044772628;0.1785918259731326;1.0245030431519422;0.1986262997915808
-0.30569617621600687;-0.1647522599837879;0.6428695456153221;0.7903679367280081
0.6544389498294559;0.030628632747287034;0.8308615930400888;0.759931658533524
-0.1848081359860293;0.6769745963284635;0.5708293042325826;0.35273633979931246
-0.25015060319086857;0.3782451355970965;0.6207777666686868;0.7252868411174563
0.33685565779305765;0.43393384491234854;0.18837615776636712;0.13510572781775965
-0.10043151493608399;0.50901435485823;0.44357285206117;0.6683477176041576
0.044086603694905496;0.5105072757433513;0.7577535838468952;0.8435238441135116
0.36328286633906365;0.4824504405297741;0.654887659517314;0.14805738496726248
0.37464112623580814;0.444343524070025;0.46584454399811154;0.3846314643998433
0.5466446894366269;0.5001148954288505;0.6485608274277875;0.06507705771863653
0.5803480004632968;-0.05223654736728395;0.45291001666184033;0.04428763424267564
0.3716184060908256;0.35334585548836595;0.8036093759558275;0.8155979098712448
0.49950274195902156;0.021299084659219193;0.771219809141397;0.037123017997835316
0.09880347527706088;0.6369318416490749;0.2034034616036027;0.7842569089658293
0.6153157839897379;0.5561610946276448;0.11477468384408068;0.10542642504379365
0.4005199709777229;0.6139621540171785;0.34344871361022034;0.8037261786860441
0.22194823899942695;0.015006323346793327;0.9963450986314917;0.1629195837910879
0.31153900428458836;0.6744122624987695;0.8111932549117811;0.408142698651054
-0.31029319115069426;0.638821086722923;0.9064262528522528;0.4397054548194298
0.14918517081541002;0.3553755472952639;0.5476422765347083;0.7970039061338604
0.18126439328868638;0.6561722219089233;0.43926910924794094;0.741904944126822
0.5076582200509397;-0.07218578362763153;0.2749939499036774;0.9505003301095946
0.6591000569745512;0.28525758358075964;1.0093160726712338;0.8395125641968968
0.1829648519312855;0.45286733647010446;0.6267820896564406;0.3522555072984172
-0.2750627055313898;0.49664358512455065;0.8481458854900337;0.2068577247147907
0.32460760908616165;-0.09793568550952754;0.8197592663795561;0.9348281160465155
0.5422910977054266;0.21161720167874173;0.2733598665690127;0.8842749855593255
0.4442056872127474;-0.16729799047348193;0.4029782975502681;0.4256673810951221
0.3713148591230218;0.36541530026561414;0.506825011571914;0.0954164130896714
0.31084417112314383;0.5563033104125431;0.5388111317212969;0.3721748055563636
-0.28039582070609986;-0.21957553038244856;0.19007387437234788;0.33346163570907045
0.6424139896171913;0.5887490892745271;0.24086951469043205;0.973661066065443
0.43917323366903066;0.6651755602811948;0.66563250788034;0.2963820455471972
-0.2660057563154597;-0.14779611343903515;0.8032240054879825;0.8793806091106062
-0.03539160132737175;-0.22349036649268433;0.4752169001897606;0.2737714347579181
0.5774220377942273;0.22463169672482455;0.7241170574935311;0.5889747481310059
0.33171788888663795;-0.10796913253602938;0.23598217259208987;0.4470385636377598
0.4865012311511941;0.14526201952677933;0.4553036540761261;0.7249049390945737
0.5586628279779541;-0.047064481098502906;0.3350717115832928;0.20517332492354104
0.18858118988662134;-0.2837598418507313;0.18548559715925983;0.048854126289345996
-0.19591452949394894;0.1952355086008709;0.35721257458761246;0.11299335349134955
-0.1038624326527738;-0.10978876162557852;0.03224167885825316;0.27819600024617713
-0.11492680311312818;-0.2610816944744576;0.8395734291415323;0.14887222979690584
-0.2645312859816144;0.4624860388667322;0.6653587602136666;0.5524822391400461
0.461102223455266;-0.10255053874862204;0.4202484861044322;0.4699624358993516
0.5828877775414995;0.2455976171554824;0.07918842422139018;0.8467364371740459
0.5962631078558002;0.10963779704904747;0.7942632116801964;0.4034250359797156
0.25198500037233235;0.5428266502775627;0.39696653289740075;0.3523116895397373
-0.0238775947891325;-0.1719802106834866;0.03685307158414619;0.8500551745833866
0.43529735863409136;0.430579171424952;0.48016388455250125;0.3035065218762868
0.12991550306107863;0.4926202737647949;0.9601999793798488;0.013562234082125415
0.10484759959625316;0.6625067551710175;0.20284396347434497;0.335883167482498
0.1520222442909238;0.6476457687085563;0.08086829556129621;0.5703662000471384
0.27662646513539907;0.41416452006804183;0.8098349408595638;0.30785922353415723
-0.056946230791029;0.29436408096117744;0.12413073585764478;0.3944962374900109
0.06113095019372292;0.39412956692770124;0.5633737349227945;0.24677924876850948
0.3384666775268041;0.6278801349916124;0.6408068477248774;0.929480752047616
0.6824402665531939;-0.09060505767149096;0.775155652148641;0.39352367750355377
0.15159230479915026;0.02073727958356534;0.07481202014166685;0.27700318164272403
-0.06537779469242819;-0.048682649915731846;0.46166859041604025;0.16811426087810366
0.5038473737094009;0.45586305656057674;0.5640243939397601;0.030979950577748962
0.5011864859914823;0.488686678123504;0.18474798925186467;0.5273447790672974
