0.7900243636098031;0.13753312936927606;0.425455867921376;-0.12134038214516787
0.030048272496268458;0.18382840733252417;0.21914291148163043;0.7086635711127477
0.15347205260799754;0.4173163647161862;-0.23334112498811602;0.3554216369512535
0.25884585709326846;0.4538081163667522;0.5765094460233827;0.16800376935793493
0.1796095601809487;0.5374156741463965;0.38851963206789447;0.7144498450717045
0.3056236985181871;0.7667553072618559;0.12199925494187391;0.5819864921577881
0.14545520618617602;0.31967007957023386;-0.12477520566848196;-0.1479457183180222
0.9142089674348551;0.2514666330414199;0.16314082006650876;0.8150957782600032
0.9949549161032993;0.5919409558882077;0.5704041182054741;0.22052808915339817
0.6256489859320321;0.1304895272893878;0.30187618368042873;0.5951212004970841
0.9268045584463113;0.5426990945251228;0.6071919064630833;0.04457279331959965
0.5292034306727137;-0.00856385187866802;0.034252175936906756;0.15535232775053096
0.8786777805988972;0.0265994560275568;-0.21715838344650804;-0.12843178575289252
0.8805699291141248;0.30446760925943694;0.5045224983567537;0.4191895156672468
0.6995054175997049;-0.007596214021934581;0.566831300763432;0.2713190269522317
0.10222652297417267;0.29340725526251854;0.6742856693028696;0.2866530609948705
0.821068493737341;0.15921500198949806;-0.1718128028693087;0.11433753109576208
0.7857477467686561;0.17458615265883562;-0.0851422129990245;0.22475591412573667
0.28585545207377755;0.08616554554101827;0.5693545641745864;0.04761562084468122
0.17562670166088926;0.3429059707829873;0.05565934740947932;0.7959290056172252
0.5627626132470771;0.5323860897573315;0.15107000711137;-0.07550306361614219
0.5486466801783946;0.17980530897896324;0.5212669726428756;-0.15477389472049488
0.4582778625510823;0.2606388628331454;0.3353788023499959;0.31958929576657197
0.41525630233788047;0.3767464473745;-0.05175579998054802;0.4497138986347815
0.4647715155909019;0.19441111845078066;0.6208719908051745;0.546147145838082
0.33260103459851564;0.07922869251385141;-0.1829565550563799;0.06585184839820724
0.6258068969935641;0.6184304063303968;0.024768827962064886;0.1495282153655099
0.25209828693718866;0.09590342958736565;0.3656148511625026;0.3821773022629072
0.7761157110301466;0.703070600592656;-0.18487252751801814;0.5001068825223697
0.23913366765206748;0.08652821880009287;0.6421630242227586;0.6196277047214868
0.7622624759620952;0.35239564292016956;-0.19894617797784928;-0.20322427995180609
0.38079167191857605;0.5310833206821629;0.1483882415126732;0.4341565551352301
0.026349151550302038;0.8138446742767305;0.45393966142907577;0.14377866036382225
0.2776071666632628;0.7414679796642435;0.27242639204538005;0.06256735383855101
0.49444735464683354;0.022710726512371753;0.19239954253280642;0.022666870009204892
0.7859511765875876;0.8638654291167471;0.08960215506951502;0.12369575812746629
0.0725205354968693;0.8603344400079067;0.17396952375767447;0.27479184970734954
0.7761028070310853;0.8653074108164321;0.6058082164617483;0.47337390457608003
0.5480773372708786;0.49334232267350764;-0.19496051368124598;-0.23658520755332774
0.14843926534201995;0.26985485251020885;0.4889001243335604;-0.16623280784531325
0.8055684672731871;0.5074139209196723;0.0572709084359174;-0.35773221396346755
0.3237399870290557;0.39293070521474593;0.17370955784859515;0.4972027788524982
0.20243073124622088;0.30677441299470243;0.07632902201373916;0.23831789286839872
0.8982359741030517;0.16688800181202265;0.33319018218888424;-0.046319557753597494
0.9158439086798104;0.07795857715706281;-0.06984237125025368;0.6111642267588908
0.5954853857234397;0.8253470094554276;-0.3156656150415331;0.640797689164071
0.5786489564689389;0.8468964299943151;0.5158627483535363;0.17248629835144028
0.7885297547911427;0.4044967405510943;0.6550356743443646;-0.00876181333008636
0.6829789090771895;0.504745524876985;0.3705784575800705;0.028746223722068778
0.3481089223908826;0.6851528860652063;0.010201181543590227;-0.10798266912500946
0.4503510408428487;0.2904416574232844;0.15047275272095284;0.003479752128832979
0.1848572266924066;0.021045866753281347;0.4524636473319491;-0.15570103711901495
0.898071777438652;0.11402444171734029;-0.24633305312345294;0.4439628170224911
0.44138269054356544;-0.05080712420259976;0.09853702149704595;-0.13624506675633374
0.488548239704911;0.017129835311188814;0.10287564638276449;0.2526095969376346
0.8814276674994491;0.7187231299340293;0.49305925878725143;0.5868587144077899
0.01701020236765773;0.8304669538128262;0.7080858257247469;0.535971627327047
0.7133275483821476;0.8532233145924388;0.03957270425239166;0.0028799433122530613
0.34305838328528687;0.4105695355524668;0.05319546324956444;0.6720300198340072
0.784842476949834;0.3404354251266658;-0.208019338356094;0.6136022555300816
0.0019435617462959377;0.8596977908758511;0.04015819048877757;0.3911669922156214
0.537796296966925;0.2494250533282667;0.6322583696439996;0.6062035530799793
0.7084926526734707;0.8145688478330431;0.48119471971448613;0.5895071046180662
0.03367868513663047;0.6681104784096954;0.5928044177660539;0.016177469837532852
1.0932891032111003;0.3198707709246025;0.15576652423651138;-0.19743619640599827
0.28117137397223807;0.6078705149945985;-0.19863371167365257;0.04704842180400098
0.8381556833612573;-0.24034977160237087;-0.2413927531923063;-0.28171145437071804
0.17459115420293023;0.6047750945851578;0.12475467187988638;-0.7318474091226446
0.05571080304666428;-0.011826971968120806;0.13155763725723688;0.04429650079423617
1.045823395166043;0.6116108515184436;0.3494142456735581;-0.4368285153829777
0.47776926994452146;-0.04419586881583548;-0.18179266836715285;-0.307390769648583
0.31788411171242215;0.06714735881914465;0.23948641473271465;0.10125629938441125
0.11783424357230508;0.6142092658788287;0.4781884540500671;0.2509408075069213
0.22792703451823648;0.43162368053780925;0.4573059921795787;-0.15775184798255293
0.888327133378312;0.04155795613063801;0.5578795308019372;-0.2504999155619538
0.1481781497909834;0.8243517163066952;-0.3024143584592891;0.09433740371437536
-0.049493161667277595;0.5678638274358981;-0.1908338831791024;0.5974322472190013
0.562926527494323;0.570988132841795;0.09952904930115546;0.49197799396900466
0.903774090105349;0.6734743774215031;0.09043416232273183;0.24389259105278008
0.48750173470457525;0.28663090389501006;0.060260737890234596;0.3619263493631871
0.765219597555745;0.46551861388358495;0.41047691792887453;-0.07494745662886695
0.1183186268551344;0.33361169184448614;-0.13498196461620224;0.01518181707094497
1.0098608208112296;0.013827626550378311;0.31816899652657793;0.19582919231043958
0.8732198998360814;0.6515817586827148;0.1516234596478646;-0.11765232718713468
0.4315881735919933;0.3688721246342734;-0.2066248074191073;0.22693278584578985
0.2391541213237658;0.17060426655745134;-0.0947442921558082;-0.012825128540839743
0.4592726614516177;0.704199211728138;0.3924941651921675;-0.06296855224533932
0.014369855835890386;0.46920611508717397;0.4499623965224922;0.8630064650895932
0.5052247811195365;0.06950065744215381;0.2798923106752849;0.7494146519938698
0.05293201528192985;-0.1277463844376797;0.431542167284358;-0.03782617703081044
-0.0029572008058215875;0.9640974471610751;-0.364969152494888;0.1592761052307227
0.6050493053095115;0.7491711864062224;-0.3215272740865825;-0.13159103875057918
0.6244935470072919;0.17241060114322826;0.34434653387578695;-0.8462063229439176
0.2780403001533937;0.23037414209810406;-0.175884993951774;-1.157201399305924
0.8191046415234453;0.002027480598815438;-0.5743352426683527;-1.0438350633410518
0.3707763379271365;-0.6685564529612139;0.19705662159595624;-0.6940379902252269
-0.26104880624468024;0.04929916441318303;-0.0059680398567337825;-0.8275424395354535
0.11110284665910762;-0.2126433449965817;-0.1487004233704887;-0.5826627982278919
0.14338885474647686;-0.3302899155171486;0.38579370141136643;-0.527329577565846
0.16542834009433777;0.7657807664225796;0.07989133367666021;-0.7503199362428458
0.0013789144955688912;0.43679069039794716;-0.23694573587920847;-0.7060258908998367
-0.7340709967949359;0.5530403409013501;0.5824782373479549;-1.2478395234811184
-0.47964650929183333;0.9711880963453674;0.3125331396812483;-0.9287689130961413
-0.34206254647371664;0.8829281446041678;0.057955314379568856;-1.5727225027221012
-0.3865921865090647;1.218207231286722;0.030715156011944467;-1.2975367879220328
-0.9494617654166413;0.9982729904243541;0.42644008198236005;-0.7148277815206528
-0.0022587734488928044;0.8772649880591278;-0.19823852784244259;0.6886511682951428
0.5903606925714926;0.3245085305251971;0.020794681894449663;0.8081414079937708
0.10659343479378057;0.8002859024848334;-0.04104295097473791;0.5608945796253605
0.3118723204261523;0.13314922287012554;-0.08261395308618666;-0.2169260765371865
0.4801379005018219;0.8908067002824067;0.4563170710457042;0.2430717475569279
0.11866958655832378;0.5372215614817258;0.2713903291181864;0.5802232494036557
0.3259380455603628;-0.08077439441259451;-0.1400680894063201;0.3221085575280062
0.3033896894335231;0.35517114048657084;0.22347707922758847;-0.1116191892350794
1.0311321815662666;0.10244735304355186;-0.1736633457531163;0.5210538695900293
0.5248685175022739;0.08491121288727997;0.36659575975871983;0.31799429763075177
0.9833848232731957;0.419393113498107;0.7400822922352969;0.11798847845059447
1.296204317042499;-0.3130338158325221;0.47343760698704523;-0.4077347251146581
1.1324540403616508;-0.5093308850403582;0.6333843303122009;-0.5131882409266405
0.8892768158557266;-0.3906749397948217;-0.1263293295668767;-1.3895590050072613
1.3282686610800247;-0.8856858284979641;0.42008067207426547;-1.4823463730110116
1.3869170440031278;-1.3267763562589185;-0.24166496431033077;-0.7747749543246002
1.4776602339055098;-2.118938332602367;-0.18040346436371205;-1.2981627608828592
1.6595794973493196;-2.2655915732661844;0.5718782459447227;-0.9310042129802907
1.2426215639268021;-2.0016706532056316;0.7259542907121715;-0.14358834630127412
0.29315145362621914;-1.495324149366221;0.05571638069721175;0.3953530052100116
-0.6631255997665431;-1.0939758555158756;1.1256278143308907;-0.37431537704530515
-1.1676551319881907;-0.08790401888314699;0.38065577514468946;-0.35487411593001456
-1.2227045934609226;0.9452073100198838;1.5461500961438654;-1.1622666790080212
-1.2819007185911626;1.0471404678107326;1.0531874926682447;-0.8351451411058717
-0.13458695178431673;0.11606715537335097;1.2113729580713282;-0.9466118920864841
-0.516856911138884;0.5583798174345348;1.7502908467067926;-0.49622777803955964
-0.5284841447687775;0.30030912493188155;1.1522368267955319;-1.312450978918581
-0.3690618592825584;-0.3768880484641871;0.5345523454156519;-1.1088281961076822
0.9000441116732825;0.5141482188713852;0.3968994225764639;-0.13519122528004676
0.47943912979675285;0.2402780396561699;-0.19582453770440628;0.08563993767652384
0.7146876396637287;0.9385191344125695;-0.2535485905745136;-0.15662273287310133
0.7808036271827601;1.1011148816337104;-0.3790344247215748;0.42616710794966195
0.11576312463015946;0.6862296623400183;-0.08285940479519803;0.74174854711484
0.09575316998805769;0.23695956999603968;-0.2082998435864221;-0.02685756339899582
0.6513113312549547;0.1348774998159988;-0.37149771433464274;0.6800097380447327
0.0679327676668142;0.6816936657281848;0.14544469941058843;0.5295812913165003
0.15516500902342842;-0.10170412805273517;0.05903156172974913;0.46970617868626496
-0.3317984516737561;-0.5646299203730617;-0.04156931838242272;0.4381197865238786
0.8480090619418248;-1.0705939807880813;-0.3856582202707806;-0.6355837481236536
0.15425200473912573;-0.4163172820953047;0.5772298582989746;0.17357012835343283
-0.16528888727669477;-0.44261559089093566;-0.23037574648753192;0.23690024643739338
0.16505168501510614;-0.13900488328372967;-0.6132955900070087;-0.3094790595550179
0.5044392730565385;-0.6229487064143482;-0.411712828805988;-0.9705359110721063
0.8501288824172021;-1.059681227425967;-0.38386671905331254;-0.1600703716856618
0.8682438533181956;-1.2027536969986667;0.026221717515897375;-0.7822376593018245
1.6490549653475013;-2.300056002578727;0.2498166228575538;-0.09811884882894809
2.3253665666789725;-2.952962941115178;0.745338345417943;-0.6008038187814996
1.4556083033805844;-2.7632028104028796;0.9825492421165323;-0.35329710900330563
-0.027907855266205425;-0.9104500708733497;1.1918513458539646;-0.9718266199563899
-1.947965264901749;0.051545900991183016;1.271893627652332;-0.8529850499718974
-1.9067969860006502;1.1555012045835873;1.7375897536630807;-0.7642196240114641
-1.1941991842611408;0.6418793691024988;1.775239292680286;-0.9167883477255843
-0.3660593488839656;1.033432709046111;1.5982862483501485;-0.36377065576213413
-0.2865615380340172;0.3689610317383574;2.151406500078738;-0.4039054957497696
-0.173816074592453;0.6014275972753653;0.2783475121057981;-0.24109787196200946
-0.44200556783286854;0.7103377128023409;0.19068189953109047;-0.9545093056511634
0.9071594402508133;0.401120312569246;0.3187583628893766;-0.7340406774447376
1.4404707604102558;-0.044472455103102396;-0.10960718712378556;-1.055917943752682
1.1800388745787667;0.7757184147364196;-0.6174409429148038;-0.548723673665318
1.288905358796876;0.4454277391188335;-0.7560730351034671;-0.3172305958968459
0.9698980358101469;0.6705184633820443;-0.320035434553739;0.5626936958612688
0.2693096752623298;0.07742989830916698;-0.012953966782413786;0.7365013921065803
0.6166670046242384;0.1503698212043907;-0.09762203181214152;0.5581241048897744
0.5637459976569118;0.547952516784599;-0.0654764224595529;0.3052625618470848
-0.25227077066249354;-0.7579386657144076;0.06436418583335575;0.9855851039922584
-1.0777133886756944;-1.6424090997648866;-0.0966159608795634;1.0188658130794979
-0.6616409961278443;-1.7388700609715075;-0.7556699431180591;0.26045159037574817
-1.58126465486472;-1.3666241555557028;-0.8288590192746684;-0.4636080520090552
-1.1625824300140368;-0.0552907160402801;-2.0235604085281;-0.7153592375614427
-0.6790397284116494;0.20395111874299743;-1.8457025984537434;-1.3130533720195394
0.28168135832607555;-0.351538631613966;-1.6828873796663109;-0.9143460390438416
1.2934984569382266;-0.2679502779339428;-1.202044831147153;-1.181801565299215
0.9459278006841113;-0.7377642434928577;-0.4800722654568413;-0.08158172444444454
1.5025531723529255;-1.7232762863227689;-0.7628150315584846;0.014562086750555502
1.5767857741941325;-3.7375380873390744;-0.13011664558265762;-0.4220427828842355
1.836149967700956;-3.9333409884055097;0.19424129925743153;-0.0035355369826706087
-0.46334436011984514;-1.3116541951967602;0.8318782618391576;-1.0697177435828726
-2.0391527818577684;0.9893818991921419;1.7723582935926185;-1.5317216682539119
-1.9328324328500004;1.6700738291685058;2.2196719808504364;-1.658573929421202
-1.8359106388765445;1.6668603135428695;1.0748341559231132;-1.957290189418114
-0.5047113488738998;1.2912886871483855;0.6857502230821327;-1.0550244439173788
-0.16014641133355406;1.3953797516110567;1.006957642440388;-0.4906604524708862
-0.15082598169295774;0.7408789676015625;-1.189187534852521;-0.5801429328061178
-0.4361609008942237;0.1867602065768279;-1.0911195201960606;-0.08038788138854183
-0.2769305748532906;0.13750706085094358;-0.10312181800547948;0.2769086364893498
0.6711073044265292;0.0312606186192261;-0.32166304411520336;-0.10355364340858178
1.9401304929244352;-0.34776488440067127;-0.7474826804400214;-0.613034208203889
1.303922711473568;0.11653888985682799;-1.179972521796366;-0.1386080733345018
0.5546810913309482;0.34500837571780535;-0.8374990400087509;0.31444115455848654
0.26525484576901087;-0.10990176130535585;0.4712182070849228;0.6299266295725713
0.7092902378962066;0.4989079147688278;0.5193749046938984;0.6027754490664345
0.36578781317132225;-0.05337069367755231;1.0540069793283529;2.1296671941692042
-0.8919123170023177;-0.71574701070789;2.2990466536272285;3.1189809362596015
-0.5457222322713622;-1.8469578242861082;2.5111896898871606;2.3745240019633607
-1.5264015785907665;-1.2814334075353915;1.0682295114121088;1.920881864067259
-1.631903186168611;-1.2007070987038604;1.353826356524473;2.2434967590016095
-0.997806165917024;-0.18676827263188478;-0.033991743600417235;1.538536610882171
-0.5097784251469386;0.12112565674649683;-1.0369901823595837;0.8297783387935549
1.344390136943822;0.7648034115776909;0.2801734672084321;-0.3082589446782358
1.3996686503380966;0.08516973985866477;-0.14118924348762465;0.18031695322982524
1.1138333494463846;-1.472441760345037;0.8915669161249935;-0.4474700830147945
1.2955405769914174;-2.7011326335313846;2.015681183596002;-0.2990115071540392
1.8573126977644072;-3.81818079759723;2.0761787327994012;0.6087891354714358
1.5578040271523903;-3.533504562481602;2.250046841984236;-0.6561026384043813
0.06081318331697878;-0.9770561598953951;1.349503059481848;-2.358225226747914
-0.5261838519930281;1.0866628814670138;1.5653634406528685;-3.983369020978524
-2.1676628645241958;1.8363335342915845;2.685943473149002;-3.6009539951509377
-1.923218341924628;1.8966371474972026;2.121897631342303;-3.2558017768332
-1.1706009316994417;1.8042333203188252;1.2985922144653306;-1.9209606243365696
-0.2694696215058928;2.1567371718219794;1.5981532453660765;-1.3071923885297048
-0.2941472127553896;1.2640854668516803;-0.8532107998131154;-2.1016305071785544
-0.944446526044838;0.6911467418427356;0.2151992164487139;-0.4024289026027435
-0.4164992206227609;0.47678097445222534;0.377287090939214;1.7714031312480378
-0.010248733179237015;1.028508093161657;-0.7920480346618382;1.779888212855278
2.669724705532163;-1.2409709344063358;-1.6919784113174774;0.11065749439183788
2.388422829716732;0.26476520203313203;-2.750688415695244;0.27128059113094166
1.1030273006558555;0.38046503177847135;-0.849047349292138;0.21118929108784987
0.3048563871125564;0.7252095842758216;0.011578750967810627;0.6498044729899634
0.7249342124734723;0.4005161729854882;0.6628102743317753;0.4628240857235359
-0.3799375520975606;0.5318208872298473;1.340223967715821;2.235362927969043
-1.0221704690451217;-1.2179561972513921;1.9387650865729815;3.2339735002537116
-1.1203172944629087;-2.4830467140576395;1.7081129566197026;2.7224213667028714
-1.108729646880141;-2.1138238982307884;1.8932600426417898;3.2956583838969786
-1.1804996835315316;-0.11979155329234134;0.6375588671820072;2.6839023270601405
0.09042265583750371;0.6195494320661289;-0.9327017899560202;2.6091476596298175
0.44080064149911774;1.1516800337431898;-1.0538422929136733;0.6108032801485683
1.3586050319125083;1.4480951703345082;-0.04981836960541627;0.052762574382272324
1.554154860468484;0.613294447607034;0.5223065369961399;-0.5524717186211862
0.4445296316750005;-0.7754344891970204;0.6160789389245626;-0.6409621888449789
0.6963992417027786;-2.382385673460157;1.5703991755972737;-0.6122803235929961
1.0564346555288613;-2.572243065289998;1.9164669508015082;-1.1187387871845498
2.227554286330553;-2.61467056637969;1.9629031352584287;-1.7980132164161169
1.7963591776974517;-0.3345043613130781;1.9770418612688883;-3.1024504406994486
0.8473901333073717;0.8207888493954416;1.3363652890359048;-4.654590561507403
-0.9488309285732933;2.21560450311182;1.471901807585504;-3.57367711478759
-2.3017618784824654;2.4121047030390175;1.7841475815018115;-2.8241133850263873
-0.5150536995444407;1.5186907310847364;0.6414113423936084;-2.585083919334062
-0.6978566550897368;1.1924975374854567;0.04191031729327078;-1.6891097108428363
-1.0874791822682963;1.0794991647367531;-1.4797151028272675;-2.7154747509743933
-1.9516919917329634;0.8460066257609469;-0.9986980493915268;0.49256462717846405
-0.19738192870266275;1.1883268641652978;-0.14269769560093984;2.24144004744658
0.13057056855710736;1.418942854584261;0.7441259856014437;1.214654055653412
0.9251576332347206;0.37416593705579126;1.2245971275549734;1.8993037232477543
1.8399683751534677;-0.4967917731427315;0.34969281896379284;0.7000832883421437
1.6937838073203069;0.032627233142791465;-1.070512547202254;-0.1494552665307166
0.9109720671865924;-0.12386844161492601;0.6040356327345743;0.5129766285535352
0.8859081508793505;0.6985041448165803;0.061271002789585395;0.48101102572468624
-0.20491208472332959;0.1026480219438638;1.1050507024350176;1.9990437811367712
-0.6049945698827116;-1.3454476855062978;1.2143312518940264;3.149829005477173
-0.331071741500995;-1.9110121186792555;1.0252775573539747;2.096794138996175
-0.5314623137256765;-1.0703302261549386;0.6266219186708248;3.6632975880605865
-0.448401258422193;0.32916754463026565;-0.426341592642559;2.984043286822891
0.08048897832263324;0.3015972574440558;-1.3474936507520356;1.758717809867209
0.8008407335511972;0.6585734418656615;-1.730142331318383;0.8677601439991804
1.397319856567462;0.7800875999673965;-0.3970206905400929;0.6481173512894965
-0.0018534858318147646;-0.30406116848627224;0.3958091192034604;0.2973257866061895
-0.28582612956019837;-0.5234415730866906;1.5508604781204929;-0.7538826647080556
1.027823638568231;-2.023444654063727;2.3328952589886365;-1.0695394284988187
1.8782209127893297;-1.952669020308611;2.118607304444472;-1.7840601411398325
1.7375429093326407;-1.9083583055486557;1.9496420791205975;-2.4243942444260047
0.7922360659576735;0.0521562525090812;1.7956230457102447;-2.252196978893424
0.5805532770836672;0.2643023704953053;0.5308035920172688;-3.928102642163607
-1.3601252536830732;0.3133594326385359;0.4119527442591013;-3.593282161962345
-1.1666543005340815;1.176544181534661;0.7393459433235023;-1.6207515098439704
0.08676609717888963;1.209310004157862;0.8551980784257477;-1.7053710626735747
-0.06970088858473181;-0.11380068410546955;0.3307849652189169;-0.9982951746599144
-0.2888213433431933;0.16872237994366332;-0.7012166029238659;-1.926176012511655
-0.7583788986719155;1.180782735365418;-0.46641948245442394;-0.07330086055722129
-0.4800091944194474;1.0716708350493107;0.1281355875030401;2.6944968702802763
0.0961638134219332;0.9245389998143234;1.523431358519596;2.8013598715149843
0.32799614123556264;0.5225295760720355;1.8673583058424077;2.2130467681341557
1.5695792336719268;-0.6891239051648748;1.8550261818990914;1.8366743870793532
0.9234237680596932;0.5482716208437713;0.14592105327491509;0.5990321603160735
0.06409685289566149;0.14811390104182579;0.3046727030543007;0.34047026837483335
0.26901531511314053;0.6930410411219515;0.7199030326425113;0.47300011452665913
-0.34097678844534207;-0.005116312911557145;0.4434008168336749;1.680115713100889
0.029153971854006925;-0.822171330323132;0.5937613836966796;1.6101295991176872
-0.09810061184719424;-0.8317040327906001;0.4680752087572302;2.61773117166285
-0.9601473522360918;-0.36089252901216057;0.08873179010465697;3.3366621639265577
-1.196481564539086;-0.7781372329548516;0.18339474322370444;2.33989615554179
-0.3232444402684282;-1.8063222024355796;0.021631664519328346;2.546872558143607
-0.41161803273794295;-1.9273858922200364;-1.6224461364763363;1.0780488622971744
0.1266994566776878;-1.35997142588786;-0.4957916090949475;-0.4843109591919257
-0.11434676138972426;-0.4901624403829659;0.33948384646352203;-0.9652158780279975
0.8282153151483377;-0.16797161845690947;1.1035206379103075;-0.7572602362963919
2.0185200781434225;-1.0813254330599666;2.508160922824028;-1.676503230277596
1.0882628695479823;-0.41596946187455197;2.41827015347666;-2.8589849675562573
1.3171277129054368;0.13674912482587814;1.3086977976596743;-2.3419184712574808
0.7341484719171552;-0.1146912359159747;1.0423581385679632;-3.3814669142152205
0.4562431699746174;-1.0117610668389325;-0.17322147892956533;-2.967139337466959
1.254472545647003;-1.2525728748196547;-0.7528374920639177;-3.3537960099093405
0.9273508612044834;0.004251104622000678;-0.28797941980718;-0.7577492383628991
1.0299174591494094;-1.0472484015404355;-0.346427956027277;-0.3411745572250016
0.4536967198270227;-1.09704797281597;0.3009750711664227;0.9555766772169746
0.44971662405307705;-1.3891286383381616;-1.4156459087504858;0.9751057890578828
-0.4596996637101742;-0.854753672316034;0.2441097485367517;2.3672862304648836
-0.9112178628399583;0.06595021261829029;0.8097908367677314;2.8361891639416497
-0.9223110571127102;-0.2639158106952569;1.0846051131775245;2.987551892222333
-0.9739332441627392;-0.32279093710375145;0.7741266172395012;2.369034120419727
0.9621391738731514;-1.2782234683915124;1.8522264961391504;2.3248174985179815
0.5916765014656429;0.2375313169118092;0.9266235745756927;0.9550034551985954
0.9638922188163248;0.4506186064922856;0.03732954147336911;0.44249226309566403
0.16935272681823363;0.7493572205410535;0.2461863010834978;0.14246271060931306
-0.038303217308063964;1.1107308905001918;-0.012837615536217584;1.8839284010030406
0.04165722840144534;-0.11795459084712887;-0.2879611735696527;1.0686033474006456
-0.5075440899066719;-0.25919138655454027;0.3776988423700569;2.649930287227579
-0.024315341802622212;-1.5990621130602802;0.40170080923778173;2.7076156865389494
-0.4828876801509689;-2.019005962434832;1.1197195330467864;1.016560589895763
-0.8283001128781748;-1.245901434302342;-1.1165008004837564;0.898434584991365
-0.021966264401196457;-0.7827920610857052;-2.549938611198755;-0.571175141308128
-0.1647592076462601;1.2675986409748317;-1.653173307248116;-0.7227227622377975
0.9164132968867723;0.8498991807734332;-0.6464312150034554;-0.056029307938879086
0.6168570066714777;0.22483248107959006;-0.1577726931520346;-0.7235863852221488
1.4985251642936155;0.2868498137790418;0.9458842521413873;-1.5741538716715984
-0.582717965947442;1.1533721413605138;0.14790990079060218;-1.553759226476668
-1.454005448155696;1.7037316505481108;-0.6301576423828783;-3.1824350889045365
0.034852928480360715;-0.05276923185730625;-0.9794093890740497;-2.224729107241636
1.1728086083371052;-1.8102421343409112;-2.512269579305365;-1.5839527415635624
1.8385750236000764;-2.486645162674419;-4.92334375310078;-0.9441118187903079
0.4872668679530294;-0.7459289213211551;-1.733932657090842;1.3734132530266028
0.10152764052048555;0.3065976855342359;-0.9632098889947093;1.05435321480028
-0.03419958250725789;0.19814939623500027;-0.597779886453792;0.9688515059509055
0.33492391266920923;0.3023357008138307;-2.5231836774316565;1.5310018018093703
-0.2541634203895185;0.17954492972939;-1.9771262928283682;2.671613748896019
-0.6795263361486282;-0.9442981009204949;-1.254210515352285;2.0487480174397765
-0.5551379041087036;-1.3381063604335413;0.8898868337124054;2.396888391891202
-0.9270110703435795;-0.44559918830135553;1.3308480889863177;2.001587051617291
0.060388849652298154;-1.3686099338215465;1.8986660530923853;1.7714176554758356
0.2447320994402279;-0.03841571733902022;2.1061148036801534;0.4621495472992612
0.8409618316254384;0.10365560331204253;0.9409028769728099;-0.15468071271225364
0.5972332143391696;0.6469009593313694;-0.03183054136095816;0.36566236556808573
-0.20776427137497747;0.4481192450360021;-1.7433121499132864;2.0756512984320987
-0.03315429150396261;0.49959558642838536;-1.557636793615787;0.3237956331012644
0.759576461620848;-0.701739153814431;0.17513032902702544;1.4728757803041077
0.4329259035747166;-1.8330406404913513;0.08101950973311614;0.2259584587944736
-0.525044155372495;-2.0441499409362263;-0.7857505442209846;-1.1663007728859929
-0.7166506820072922;0.08433389714417484;-3.385549184913424;-2.0081580860896624
-0.199232265384536;1.195462268734283;-1.9550248006691666;-2.3817537309473615
0.6230644320919905;2.739485412602949;-1.5926882790619252;-2.801753890087733
1.4973349202616013;1.0270629857729878;-0.6002497208276243;-2.189415192136069
2.3361668750795688;0.17714096741237395;0.44780281137843797;-1.9086477930357395
1.605700360819432;0.2939479769437502;1.0953892971120172;-1.9488256527232102
-1.1632534729546835;2.4710206229636085;-0.5415341936417293;-1.6162471642639766
-0.8652031673056952;0.9555577302615244;-3.0085954796484096;-2.2510616883347123
-0.20157536726343006;-1.2048360869466759;-2.657449429486144;-2.313384477340557
1.9140583687738975;-2.2474839578905716;-5.854652535842814;-3.3309081396136455
2.0744220012863215;-2.2910849716323867;-5.149431945871936;-2.490868717544767
1.042543125649517;-0.014524928220527124;-1.6430400943757957;-0.3093112479049714
1.5876408469306924;1.6332105429606778;-1.7281488656064983;-0.44716001352906
0.9190448771829005;0.9104437365726877;-1.7083092471935981;0.007529561976811455
0.40228754444438;0.3537522344886917;-1.9970637420983937;-0.5034280411199443
-0.7376006305769668;-0.17431579637796185;-3.167002459802703;0.46840404835132954
-0.40886878333359233;-0.5653832014401501;-3.318528568009768;-0.019171068578488125
0.7118075555440242;-1.766416140791793;-1.0999469074936774;0.647507073626981
0.01225492759409712;-0.15380635213387847;0.15829329157624644;1.293118672004137
-0.6407095978855148;-0.37383807458390056;0.39622971278183655;0.8443732573489261
0.27604024870929966;0.3509056783346501;1.9715957279502292;0.6809173119246422
0.30490177615706904;0.2798726124079498;0.8692685587088642;-0.015089087342778966
0.39388456585102866;0.9494500847157168;0.1936030826711189;0.7084097549802909
0.30201600937569506;1.502715653659013;-2.2216886750150846;0.7086133134511012
-0.29319402146924606;0.06050396478170879;-1.9059349822660068;-1.729575230765711
0.7466400644385095;-1.0081416365777767;0.032177100929147794;-0.5039990692789439
0.16727847409525548;-1.319167523808278;-0.21177103307521816;-1.0261664540518425
0.12817256159669704;-1.1209765640149651;-1.1794856644253764;-2.3098666432250665
0.031553918915388064;0.32511182616458345;-1.5532565760721373;-2.2896711279321824
0.8700127426984582;1.3486359875320182;-0.600510240665578;-2.8029719456999387
1.008377626440016;1.9883695795554854;-0.9295050640663722;-2.7594253791194667
1.148924855795175;0.841823065574524;-0.5965042516156744;-1.936819339886468
1.5618847416506205;-0.4523129372026384;1.2213321083260136;-0.6772945661913491
-0.1619637286267584;0.29426862638363627;1.3721195720207562;-0.586029953242297
-1.1961019869968126;1.6091491328631928;0.5748523799045717;0.051035964492516225
-1.712055978779766;2.0034180550494236;-0.9086675786758094;-1.1176163791300582
-0.32314575776105836;-0.08399082257451997;-1.1518352305819513;-2.199262110063856
1.0648719780042142;-1.6605247851811382;-3.735329377229509;-3.5570481490534807
2.277849457490127;-0.3854988052927981;-3.871225303219428;-2.2096067845071428
2.478081768813316;1.5773586037030929;-2.5008261879112608;-0.9321480485140724
1.4607722869753639;0.6448469907603146;-2.302716244025945;-1.0646151616563986
0.36927733952464703;0.521339506117976;-1.1908346998093664;-0.30550512139932895
0.39555819550786836;0.4921098937842282;0.3222291512177166;-0.3321952861043759
-0.5659383964490537;0.7170894360498374;-0.578649001477814;-1.0100240788190555
0.4402941048978181;0.7783920262007893;-2.6927540558501404;-1.605814595795551
1.5031404097873167;0.27269066260546965;-0.6111916501163277;-1.4880976584093129
0.09347489677244844;0.39023619088298683;-0.4701493996540703;0.7503058156100995
-0.3437913793718516;-0.13108355484492173;-0.9317530596751314;0.472112499508945
0.8655258975118048;-0.3393560919435342;1.5098484675328794;0.9682644389404614
0.5590165637915677;0.5109234248793892;0.8754616810164487;0.8830199935764135
0.32543199051340477;0.11157293266527955;-0.4098864868324929;0.7372975132441683
0.539979514955738;0.5882950446400842;-1.8337438068188348;0.7900772872575336
-0.1901243889593405;0.7729637790488557;-1.8924943295486278;-2.1674937577370734
0.26144302660455354;0.4301428641532458;-0.404433587925948;-0.2164666888455446
0.9839563009997814;-0.43016101261626377;-0.4060193322148247;-0.8060486897922671
0.8729253349691461;0.25334064887975305;-0.9680426554799401;-1.7998376536870495
1.0671009732426189;1.2210692386865238;-1.0234783539615957;-1.4963185855864203
0.7864434416356988;1.5554536620104764;-0.9904689806585424;-2.025678360592898
0.8726377112636199;2.004932842532518;-1.1902653055056966;-2.6501133207593766
1.1587093770533465;-0.21659923995963934;0.9884551846916072;-0.6831311686418204
0.6982578793715376;-1.6499320544744485;2.0759016896889593;1.7184486828482437
0.4999502350793797;-0.3324337950208034;1.8403293143198929;1.026016883665607
-1.2508801365037294;0.8480209646082235;1.4148152725907712;1.2287476223726874
-0.9831430542282047;2.0361961768795642;0.5015301604318002;-0.6141974735179354
0.0959005807100427;0.7119835941895619;0.28071584525339344;-2.099156688190467
1.008798905547629;-0.3347190288513017;-1.7527613720639414;-2.5398006246677314
2.456701645747043;0.8467486220247062;-2.533466793095246;-2.2507877782968104
2.110052127249785;1.3690126150636819;-1.6244812506100847;-1.0533116156368658
1.2810257481948335;1.1287420494952214;-1.0054753434340318;-2.083074685234971
-0.1974511875294783;1.0795314766104047;0.19201592167054202;-1.4144106068015205
-0.18572117474108826;0.9640333187915521;1.3605180061320334;-1.7624930827493592
0.8762832974985816;1.0730957561774648;0.16014336005279714;-2.2279504705378934
1.6387284857486677;1.3671908702099824;-1.7124307323070858;-2.2139158306227817
1.6955060708003042;1.0418109706262428;-1.3448361214620097;-1.4396292206408845
-0.4362018838786696;1.3503896338604353;-1.7828407238357633;-0.45472420505958494
0.07985904091946437;-0.07985079775577188;-1.6227660289024919;-1.0412353258463196
0.8405371335659456;0.28844957117328335;0.7313131765362564;0.8287917636845935
0.27214938800431127;0.36177207090127694;0.14895537973859327;0.1404385384796074
0.05922727725663756;0.40216850076547667;-0.15432789967934932;0.6025292340717829
-0.0050921609453516824;1.0024003605602065;-2.1249143220227897;0.6479275292641528
-0.4982218600645922;0.9353370903201071;-1.426599824979556;-1.9648861426756934
-0.31670621597930143;1.1226254572414571;-0.15902226284126758;-0.2471464734476857
-0.26148842466977595;0.37031967528661913;-0.33172198566473116;0.9766488371146792
0.8396912300252115;1.0479546368920187;0.3294074393180412;-0.5369405446708374
0.5309890748490956;1.2727817877289866;-1.6643174666783;-1.7102325693617104
0.46375354210486197;0.5363733390608126;-2.0224171121106562;-1.4800978789229369
0.11992162735123392;0.02144653374963429;-0.47065607263650255;0.0835272278666309
1.1159702702954915;-1.7218905118877492;1.0945511174919067;1.5265837963592632
0.08744719176911468;-2.046340610827541;0.8417163316422126;2.6006120735064555
-0.6241406915079768;-0.09269024943392018;-0.1522668041862429;1.6045763333077796
-2.023695548590852;0.3753233121572691;0.8082996467756755;1.0343791251122447
-0.9996444517423384;0.7481968758412418;-0.027942757979712136;0.15755786420083642
0.6844336259764071;0.8813381495424434;-0.0021583024619047995;-0.9796181390865201
1.0303472607580615;0.5397150098605394;0.1647198678524258;-2.640128431354464
1.987090428490879;0.5370527602201044;-1.2179586071656452;-2.5516855308000705
0.2154106067878742;-0.3242188558493512;-0.11133957212289021;-1.3951932525961213
-0.10341319445241404;-0.24407557635544216;0.5613293660629366;-1.076216508127719
-0.1707348929310192;-0.7308419980629826;1.4542108334001633;-1.3747176805860877
1.1705885209062057;-0.06773171351425342;0.6214728092126074;-2.053439128781603
0.8569190725006324;-0.10976253110109352;-0.29065358176232436;-1.5403390072970158
0.3663797183622539;0.5473800466362818;-1.3241405885607014;-1.7852479444005211
0.3689644251406585;1.3143283906585879;-1.943457879603434;-0.6793441436532041
-0.06589516737241613;1.2541248869269637;-1.3460989008980102;-1.2404633250987789
-0.28464537081076163;0.8079333402247892;-1.3351626517650346;-2.008663296648281
0.6802245490522978;0.8863480621459127;0.5813751963952648;-0.10578018602172776
0.7281808948989544;0.19362409496697244;0.6389274720068208;0.23929543263200184
0.31946881866500054;-0.008814246495773028;-0.1331289441721595;0.16129413665744868
0.3181167754200057;0.9022793264709403;-0.10891743639693056;0.6280011056872836
-0.5311551972070918;0.3273911484217705;-0.972928644440062;-0.9067903843122478
0.3365030656583263;0.6672792417950553;1.0224385884405258;0.2952492519349798
0.3548100914966449;0.07426447027135707;0.7841024754151591;2.0726944652944863
0.0004819268018210602;-0.26027721455123354;0.8341482781143913;-0.41172918604797526
0.07595452557763846;1.0068101602879427;0.20499185176361115;-0.6277059893376198
0.20840688241240912;1.0970664853398293;-1.6769459279545464;-0.09836880416598447
-0.32664522510010147;-0.16423053915434624;-2.336954439875971;0.9670407583522639
-0.6235061652293464;-0.06941621244026555;-2.0944442152053586;0.29075634614515705
-1.224466010795171;-0.08854344225079977;-2.343233851360402;1.3580773389801308
-1.1306460772886502;-0.05697840991826492;-0.9408796393486774;2.2156460129941755
0.13916564553597063;-0.1654411307433194;0.6539323308894225;0.19320921761015789
0.9383792220957884;1.6130824879834986;1.2973187389757495;-0.5549966108055563
1.9345704620670463;2.0694798191058803;1.1750556460812083;-0.03909192419159233
1.0672274119174365;1.5742281836019854;1.3262022550967938;0.2368969567990353
-0.41495749263512294;1.133087208613698;1.5436063649876661;0.4077054331991953
-1.2794625266752016;-0.05583741148460426;1.519814704518088;0.07057876500665436
-1.1816426540008031;-0.5672048380754914;1.44165113766709;-0.4984722541760271
-0.4082774902815609;-0.7313615769175434;0.40534714956848605;-0.32983007859195046
0.17263153373693346;-0.6532930101240159;0.9748811613428423;-0.47777516680069937
0.11747274177922781;0.09820549974867443;1.184856058927217;-0.7022219419214727
0.69083968426741;0.7014736424001603;-0.43111872762060127;-0.6920367528345412
0.5953879837463915;1.1184608785690886;-1.0323418846774788;-0.1970918715849517
0.4091595956442479;1.7434550318085351;-0.21737593179132145;-1.837883469927737
0.18587612399912962;0.5234420701867125;0.34765985446248077;-1.2340678906916247
0.866753229673568;0.7346403317692738;0.42411937555849416;-0.24051165859643422
0.0799949456685309;-0.015393055566898902;0.5627197910448832;-0.11704798208098058
0.09391496363027796;0.04725400631825356;0.462396836240191;-0.2953198140240677
0.5040944427105399;0.7741407893615173;-0.12410394495799497;0.6468921000361145
-0.9106520236076366;0.10948173768682556;0.48627311420085606;0.9499836380291016
0.9024283388441292;-0.3546396644614934;1.8174448379968515;0.48522988924051397
0.7230915986907805;0.6284481817217015;1.3183321681443758;2.3471353046273853
-0.9511875905104896;0.1947705321517982;0.8867125123013643;-0.5241328675694269
-0.8836116653503665;1.4473231403623195;0.13437160601948725;-1.9326413992630893
-0.22611495557369432;0.8929029900383548;-2.031955471419111;-0.40809194961956546
-0.4640333657410277;0.32046744181274556;-3.3676107091340413;1.5415932661986238
-1.4156631857964375;0.49217245849446095;-3.0159389111540533;1.9601170838168702
-1.3162793841799822;0.6957139192331618;-3.0858808227462795;1.5865440593670763
1.2019975608764273;-0.15382943087059273;-1.1688905037008845;1.7348874106813479
2.456746769699304;-0.758644052082646;0.3250507120616919;1.5016265151642159
2.2083963215603637;0.19670375591041664;0.6534869134357628;0.169079721795652
1.5107996113902338;1.3797328789746217;1.8238746326153172;0.011908003408176245
0.3410041210613354;1.1490368529669015;2.393032611709581;0.6313695213325272
-1.1741043765158135;0.7273393531293261;2.109666495857543;0.8533441746755989
-1.5973797175377278;0.49604665580123225;2.289731346996606;1.2260836401748372
-0.26088404049301517;0.20125139550160304;1.8866813024995894;0.4677772301517964
-0.5500951344087719;-0.4892806075482272;2.1357680649586404;0.6843696066514471
0.2438148204891826;-1.1308911047992687;1.9125078893438343;-0.015046543378199845
0.5320730782245052;-0.2487101144392198;1.656889931272743;-0.4042306757859735
1.5157407375017025;0.6812501568682282;0.30566428875690244;-0.49151190156244484
1.2305253911618985;1.1082099225737847;0.7800984822501732;-1.273884368130971
0.11128090547621382;1.824313184942717;0.08924445664012653;-1.2417082439876872
0.4825453653710884;1.1814550323044304;-0.3240813460224219;-1.5491380311120582
0.927463110532297;1.3909920577940535;-0.01169615522062139;-0.7413370318857445
0.6289194183165964;0.7770505134207072;0.5379101205901788;0.3926538967346416
0.343330152402389;0.28942972829767766;0.583526720461257;-0.004615036474809871
0.4113649399393188;-0.08226524431756194;0.3296208615367015;0.9276372478624973
-0.09102900070706403;-0.8064875475612072;1.7332828541049357;2.228619755194191
0.33072460100770923;-1.635825718833702;1.4769337913813188;1.9057874762463378
0.6040693805565874;-0.20044301767059522;1.0013373063906499;1.725265503226565
-0.18871848512009354;0.7087206946066723;0.718499237246238;0.6435235373861748
-0.43693737403704774;1.8814233075317441;-0.9816576451328862;-1.1775205547376946
-1.335826932437556;1.5093542767016945;-2.443015884298236;-0.5257357498752272
-1.8336595833243154;1.3559162571538121;-2.789686193636112;1.3216623442902917
-1.1040737030511483;0.8538711984419046;-3.2478802564870173;1.2000340600132768
-0.4458164774438949;1.3974130975007413;-2.7715866302168664;0.3476696268008589
1.380584412130215;1.2785393448036952;-2.175887667736358;1.4826347817870775
3.1488212476904587;-0.661612254642348;-0.39616534178289525;1.3408261749210737
2.572317279655422;0.09609669524347283;-0.32139453331499185;1.1889731380849076
0.9527377810713489;0.6381503926330973;0.7328123800554531;0.12552596282396
-0.4595528395850877;0.035572885718308904;1.3167409066789495;0.13802267256632778
-0.8302220743556784;-0.020101299266480976;1.860862607948741;0.1332415984743937
-0.7514590614789524;-0.8002490287689381;2.4037863590974746;0.17554209134691776
-0.7933215527535492;-0.2592772524221425;2.5807527694472294;0.19563442606486028
-0.6878864273132063;-0.988149296696352;2.323514627831628;-0.0662504885940749
-0.5956443602505337;-0.5650350051086975;1.8829957550578447;-0.32295898199139905
0.6994331127202088;-0.41625595754710437;1.4251024506848886;0.3329474651244343
1.4211938150774046;1.0149345111690002;0.8235481121084387;-0.6623785914195806
0.8977025358124456;1.4766055725508167;-0.2844005721664144;-0.7943835597985399
1.1099876465776013;2.3909038400253624;-0.5094410062922342;-0.8704393127838913
1.816804091840382;1.4725262969823771;-0.9286200084771044;-1.7147103900805343
0.284178528295728;1.319871507979059;-0.6687862228336343;-0.4552817394921055
0.025770565750310327;0.31989617381646446;0.27017802414421516;0.6705566936746696
0.9738915306381196;0.8781468505349407;0.11655248369006246;0.11357749064188812
-0.8334340854415285;-0.33501863817331945;0.43927592520821823;1.350503398200812
-0.7325797316321714;-0.7195361804720587;2.302260874974093;1.9154791625016359
-1.160969547959186;-1.9099972598071457;2.869649543609409;2.79228840852422
-0.27490690555089387;-1.7591035264211428;1.3869106593089182;2.861563803152979
-0.003641262483351494;-1.3713884092568984;0.11018731661275369;0.9691952966460102
-0.1690300082407556;0.3244435898465205;-0.5217786041247844;-1.4458816379375437
-1.4195302865817039;1.5230980778005498;-1.269144668858309;-0.2990069723082854
-1.14095744185813;1.9055699638534174;-1.8387901083930707;-0.06038301403539434
-0.7157873512075525;1.4913333463237488;-2.1995158756109237;0.8301273532649533
-0.198391660805891;2.2251952042019685;-2.322710241224431;1.036731811153676
-0.0910806545934344;2.0517283267510518;-3.5152718046414195;0.4437810724493318
2.3541409031644895;-1.520148176984278;-1.8537995500367563;-0.4009335489216944
2.3991143087699385;-1.5020806072495119;-1.0713286799380963;-0.1693401244685588
0.3691026205372892;-1.3565741171379948;0.19053718325051464;1.3670686704842647
-1.165627240128411;-0.4725388894269524;0.6711223418128591;1.5954069591299707
-0.6411354642145062;-0.43871918052355907;0.940540592946912;0.8894890883505466
-1.2223400184698618;-0.7118632150336515;1.5360489789619707;0.8725304936046213
-2.0311107422787003;-0.47930934373966244;1.1945938399467584;0.4664979849647195
-1.2074073857722851;-0.2883418807064724;1.2868579384876677;0.9635304632135681
0.09980930278666744;0.022932650652981976;1.1899208995952963;0.7515299781638187
0.45370126919782217;0.15674360875979756;1.0631807930885102;-0.15344801291256846
0.4011800527259684;1.6217292319849868;-0.16233375585109366;-0.06557503078142396
1.2046486602665722;1.458815289834842;-0.3826184307183828;-1.0928920191181957
2.3044060767177137;1.6188426354374679;-0.5667023516776385;-1.891889334350539
2.2155031525007702;1.535367328333224;-1.2566006463433572;-1.217739733933817
1.4220146769624953;1.1343742983865348;-0.37075749949506104;-0.5905925097814855
0.651141900190664;-0.040010803623537775;-0.1394670916892618;0.2375869253448304
0.5546012474214608;0.7406693628923124;0.43216427103535854;0.4522083401883123
-0.6161610934252332;0.5359839632343415;0.9472801523758098;1.8932109915412387
-0.6114345406379695;-1.1681200181574425;1.8948761122989723;3.811422919034401
-0.8888315179400647;-1.6599029645719015;3.4058587775774676;3.5391939719122183
-0.8353788987393362;-2.5476026758213655;1.9385252464449474;2.8171075937735304
-1.099385389309095;-1.679678906372296;0.2985102178200862;1.6031309180459412
-0.14956008376262903;0.1498883069367022;-1.1714026067121976;-0.4763547044908771
-1.0723648127767478;0.7641048471315148;-1.4066989006904551;-1.1290804615811105
-0.9351704154827666;2.2615676498173407;-1.3097681342271117;0.45849832531321005
-1.027331332255333;1.9834356648586167;-1.8296776217692428;1.3066069404069842
-0.7812826942115366;0.7744747773282251;-3.2258149946003223;1.2250720125326522
-0.7296446059133654;0.9168282348711191;-3.7201333399093;0.9174451274939959
0.9418021603013244;-1.302414629640851;-1.8984839514112397;-0.8379826009708993
2.068641294636821;-2.8343363451801493;-0.32369048844574455;-1.347273508366911
0.1009566177401603;-1.6893501727948605;-0.2767801120546106;-0.8838764247014416
-1.1289538151794016;-1.585467561660418;0.35549801529473407;1.1162287944857932
-1.0722161902412803;-0.7198799323726998;-0.36814598346963684;1.534391567698579
-1.3497895681700742;-0.7434338999631254;-0.03034857554959479;1.0222313486723078
-1.8569280328128608;-0.651435627440906;0.2855426291791156;0.3389163601049594
-0.7402558688918597;-0.10615000817413234;0.29301803646259816;-0.7100329710876863
0.2175092160320675;0.7742562754258918;0.13026939181649982;-1.2783928705486682
0.5208307591904745;0.6007706949773546;-0.09990283640292341;-1.241050697420126
0.03002007440039402;0.8152966968201807;-0.6440114381525105;0.060875272793846275
0.8754238872636444;1.4955881245907454;-1.211326591732096;-1.0545079407040965
1.2062590176891865;1.8214709591643374;-0.27373337025361594;-1.3012025419143085
2.0406874773206303;1.6714653529723729;-1.5220348938390618;-0.7303194118128964
1.4078682920999481;0.8130603597836176;-0.7531814595888868;0.33116161119921755
0.4693577966221061;0.29480073108587307;0.004040969997099454;-0.00882463128492744
0.4000725246935714;0.6443292562614494;0.18055876891570244;0.39224918787314145
-0.07727288698949511;0.20011346715763662;0.2747721904429916;0.8370435448447776
-1.0664374782208559;-1.222229768638201;1.230398613506465;1.5105545317724303
-1.2463441945821474;-1.9092526248324024;1.0969956196407695;2.294421782767482
-0.517402739768683;-1.870279342401027;0.14057198817826447;1.4427664628251247
-1.1716392142024994;-0.5652531065063285;-0.2856140897278994;-0.12874227038636563
-0.4064658818687138;-0.1414444624988225;-1.0717328945516744;-0.3989640514841967
-1.302054081804359;0.3334674442471623;-1.1398742665452597;0.465788244908637
-1.4416829011291734;1.2104202976682328;-1.7714179595001938;0.8477367691033669
-1.2696635493330424;0.49163793347105456;-2.1933000431363134;0.991365983509203
-0.5516748504675711;0.43458019347106996;-1.6516347390304065;0.5222296540513306
-0.2853244688580054;0.26153883368670433;-1.1230832138391198;1.6236560361643455
0.6568489963687225;-0.9660765921266161;-1.102913590605135;1.234107648517786
2.049895964993416;-2.6509937480801247;-0.11747456686692288;-0.27165401990774146
1.6272922206828553;-2.4635102507326856;-0.7296052211239344;-0.7721503421037847
-0.7169961556854993;-1.432463227026539;0.31008513963788265;-0.7162241517048569
-1.1617227349388344;-1.21354578830899;0.0848265363909397;-0.7427957548249942
-0.9685938689728903;-1.2190249939234543;0.4546695064453864;-0.8696783216785604
-0.7990757539283635;-0.5697294091583556;0.866291920360052;-1.5602353878607493
-0.2063450881008155;-0.3869873637534361;0.35363660542892966;-1.8724786950245922
-0.2297215534476677;0.5117027283260734;-0.06337861125562716;-1.19316613710002
-0.5543319312832061;0.843070029289355;0.22818796554688586;-0.0933986289499705
-0.1835506971733297;0.5805337073703982;-0.625653115988647;-0.3108865233900758
0.7628584170390389;1.4771467589370781;-0.3131227834857583;-0.5890959507666771
0.5872037094992608;1.3328669108707305;-0.3909241369712055;-0.7531551765250162
1.3527000288462092;0.9239288474433485;-0.534336396529693;-0.535789899952417
1.0763726251858978;0.9574094882615344;-0.43860989800788164;-0.007704685162521115
0.8043045299531151;0.09002477737241364;0.46921901385572534;0.2971772815696205
0.4290467268904499;0.048799504272236456;0.23445097560905895;0.4451909448839902
0.6700459744373779;0.43515185618269764;-0.024806103574692647;0.08033253858837397
-0.03535911475852264;-1.1899173450502978;0.21796332071043545;0.5377523970541322
-0.05514003934210075;-1.158552041343257;0.5516810720182003;1.116321432937809
-0.2670163870908672;-0.9702625995079357;0.0406726895990721;0.8918656681252378
-0.39327423815322465;-0.11328929440025821;-0.9339439796337775;-0.2573862207452281
-0.936966618522156;0.9993952715625303;-1.2528201048139562;-0.8485913235679855
-1.723836519681997;1.4330257678793104;-0.7653071726628634;-0.32457166588214126
-1.6916375931830983;1.3058699691564764;0.11989097107028492;1.0221380966421783
-1.6666729356067498;0.9171160707546399;0.023001745576331573;1.259235089718202
-1.2589659116118457;0.9746312435333069;0.9255812584059157;1.494816423980701
-0.39504089723764163;0.797298697178837;0.32322206053118474;1.8316607830681304
-0.6106303819699557;-0.6038329589269424;0.7014904275813656;2.1200676618255003
-0.0362566300975703;-0.644595939009027;0.462003560464292;1.5423739650182777
-0.2135554254861035;-0.9574934226938623;0.7665611476222407;1.6731148511126182
-0.9600986265860312;-1.1934207073267495;0.5439771468863486;0.2893165097957145
-1.0885971575080993;-0.6994630199131986;0.3182221121643016;-0.22796917966605368
-1.7988524143111968;0.19901117257024242;1.3977270655936236;-0.40441060308328597
-1.7745546336119122;1.2675757474735303;1.3292980419598;0.3330750577983848
-1.335895644743478;0.6726015460390316;1.0534989490433027;0.3477804240905135
-1.1310614551199227;0.44344320926419234;1.0280692503866378;-0.1253483722337867
-1.0309904556540481;1.0174138384679825;0.23293787241945835;-0.2165302235068634
-0.19125214742674132;0.9653208904175579;0.36908371345457175;0.1656315564919895
0.32726302071244734;0.9558256023020094;-0.39178767142068616;0.5485676587841932
0.9217689774906194;1.0701657060021073;0.11366715209646433;-0.5095824230751925
1.1486785129694128;0.7900946523610951;0.3017616992583177;0.19450752161729917
0.38106001891691227;0.26093583857695796;-0.11236866391465038;0.2189288117529712
0.6356531421778848;0.05897371224507989;0.5584694159544427;0.16230439192144136
0.18234085850242965;0.6468392181953235;-0.09002804071388269;-0.11009150256709814
0.654250746587673;-0.059936801684517926;0.6530071594340631;0.38534093502470324
-0.12196860222795104;-0.8450074594860472;-0.4151026408738613;0.4087598350880658
-0.4558442581674255;-0.4778411285909589;-0.42446594974885765;0.7751552553439369
-0.14267226334431424;-0.24507682442424902;-0.3821400516249807;0.29883960911910556
0.28800017144768164;-0.6734295720150659;-0.8045759189125354;0.13461985726931944
-0.2505526491674216;-0.10297300223042982;-0.6296380628896097;-0.7167344689476067
0.7052710236717729;0.13961615562987603;-0.5501912187461127;-0.42705989744439543
0.30768156881479336;0.47934411026986445;-0.7430093882366714;0.3011017550362314
-0.384624508969283;0.39973089245784266;-0.31542070026900926;0.26171021789229904
0.4625973635179075;0.4173507987905751;-0.06817726583953744;0.6626355823137172
-0.054649918647829476;-0.08965550076315;-0.3189048354068303;0.6744920208740606
0.33283128659864186;0.2335757257514074;0.0803191726840828;0.23290426580026588
0.06760321966632725;-0.5986479785526123;0.249542716187349;0.796989334833194
-0.07707096730956545;-0.5884033333287814;-0.07670011831416802;0.8227025376458144
-0.45874204954059694;-0.7069632854823261;-0.1582060860712098;0.8107881435028731
-0.2823366129626122;0.009022804213529804;0.35722571246260465;0.17096419317630904
0.20848443624508914;-0.47654426288512947;0.7657032346630913;-0.9182992810256535
-0.32581374869989105;0.48031544523530306;0.41889116506957136;-1.1372993659045774
-0.7200912335621202;0.4663457510410367;-0.007672741635293211;-0.9869666125352735
-0.309445666293082;0.4306942847847178;-0.4231201467824273;-0.5513157413379113
0.1647900767229166;0.8690419954835761;0.07383324958699679;-0.0344598820847978
0.19056611269474524;0.3930051234122024;-0.11174872655833223;0.17590435800713422
0.6799586805714439;1.1050987266075019;-0.47394940074349007;-0.10489400064628257
1.0334122545180386;0.927449487542207;0.25441084172064654;0.1832943644444989
0.6635381245706067;1.1083348634797356;-0.25007389813659303;0.5667979887342163
0.6406124954113868;0.29015888011131735;0.6711055925352902;0.81487589980912
0.2695431564895369;0.5785849546078451;-0.0923813926850758;0.4462113079527655
0.37182255802972825;0.4036441133140348;0.3404789132723802;0.6043290263414427
0.6886121688108436;0.6001151286561277;-0.07132869629155737;-0.016626294803733347
0.19191010768959035;0.25139230320084827;0.39175525420108576;-0.1363970973147538
-0.31039910378622504;-0.37427761353922184;-0.47951047357855825;0.5925538084495796
-0.06433847059581188;-0.5401415570336114;-0.4073698483730314;0.7536567511963208
0.6520345232952282;-0.3351827533904574;-0.0327699485800755;0.2445420345800342
0.6129854805124159;0.6603928022615548;0.3386861729148916;0.4405081471756119
0.2593793000941616;0.4653304058512923;0.40215528498022224;-0.18936651101672736
0.09653386758958415;0.5067777604341774;0.0005447470796168662;0.19695577138956177
-0.0021326872617371904;0.7244488234926325;-0.002486113252386774;-0.20608691886022928
0.26460407671698;0.510105772422156;-0.11926570523526203;0.2855738726049092
0.47714880755820316;0.0789396673326437;-0.3742553516177943;-0.19301579368976443
0.2160604778436584;0.46444649197655197;-0.20726212306215874;-0.10193613960326806
0.5647349290937568;0.5279742273850728;0.046759162478607876;-0.07868373078983247
-0.1975225460035307;0.46275482711853844;0.06168993847794948;0.4032766171168165
0.1593868500441696;0.09529390929979317;0.49634244823699775;0.05095376044348722
0.16435860074237607;-0.10183160973644886;-0.03776761150189099;0.5947649838897132
0.012636167100087704;-0.18594605508510628;0.39019186954647544;0.5004083051366086
0.0853417532773835;-0.14198258381338597;-0.22689391166217823;0.001954606285632325
-0.5076386728966373;0.6489128579431311;0.659253954717853;0.455056532323135
0.46638975910528935;0.7981015128396237;-0.12460042697628665;0.4288864046910188
-0.02414157705812211;0.42571111206777895;0.381009418545883;0.2918059780728366
0.49761251098214626;0.653747715732269;-0.29816651348886347;0.5723709132005779
0.5449544814093685;0.6011167612761567;0.5517599447634861;-0.108386078958531
0.4957801167652104;0.16448452093430413;-0.08910821449499798;-0.1940207512704426
0.7481519931969318;0.1134654078339393;-0.23601957042408506;0.021323935820984262
0.17777669547693278;0.23483598006252007;0.6314085846585268;-0.15949204973514824
0.2244203744462949;0.48553827341814193;0.46549597806726595;0.20478358215270204
0.3414124611350199;0.39332353969653233;-0.24524653998175072;0.7417193753695877
0.8346877429178944;0.7474891549153702;-0.10948151979774948;0.12811017793866494
0.08288267945063613;-0.03493007173410083;0.25587372572994577;-0.08746317307529207
0.7897732261024062;0.459641601448906;0.5114771430366373;0.3271373909081627
0.43377482521930605;0.42543700089542913;0.3520022445516906;-0.0674484571748625
0.6787600926083661;0.16810218505003657;0.10262172114133111;-0.07273897289684512
0.705413480513076;0.8363762359465362;0.5040904143849904;0.7648371396230692
-0.0012007963267200202;0.8547802070220663;0.04317336069667888;0.4297832323653777
0.7930191285263318;0.9679453911129328;-0.07718113180502455;0.6378492118917471
0.22529333590932393;0.9355125449084206;0.2680231142423256;-0.03752881411891863
-0.03461319106548764;0.396852363511033;-0.28571144865459486;-0.13658484086968792
0.10268321932552456;1.0175329369393893;0.6601130468621634;0.42738337582109487
0.1745724150012995;0.10648101792557678;0.1377672810247085;0.1639240331117883
0.2356043964406569;0.35427197449594044;0.19143091883761354;0.2500140299514195
0.25920418118204397;0.9407762651353914;-0.0499502852859794;-0.2286199057527775
0.5652344119380417;0.8230100688798865;-0.023563174002846965;-0.08448488167714453
-0.24670269592775237;0.7156856060313831;0.3909129509808715;0.3942641372962613
0.5272499377229964;0.06705203096986062;0.621008978499213;0.44892312734250117
-0.0994871154134789;0.3664811383767392;-0.1629143478304608;0.12096368161870223
0.6124965085566543;-0.005791064357822474;0.6608453103783429;0.6586062743227309
0.04720708661824566;0.03349265793206722;0.16067007204902983;0.4617167363651831
-0.003936192864147715;0.14185252744531626;0.38286651430632124;0.7815313241360519
0.19137100405726667;0.3584467643105956;-0.05274949482521707;0.6773700911902171
0.8769634613341768;0.07376799504213394;0.10088818987463898;-0.18155205641996136
0.29879927829042385;0.7391182331862802;0.07185698499257491;0.2676253113397872
0.6512677622100389;0.6374942745953316;0.4371948588274186;0.14486450350308905
0.2252638138830397;0.3984989770093158;0.45680188102445946;0.6631516090043624
0.5216241313655983;0.2718694366659271;-0.03787378300349703;0.36163404465505
0.7368868091277452;0.12750129970359397;-0.05816865726979366;0.20804344920973375
0.2313445836843323;0.10603317178859596;0.47996523920320344;0.3539305353973137
0.33670701575167616;0.6835676392984705;0.2195934199068971;-0.06653382300472216
0.9383504353216527;0.32480994376806915;0.6854341901134798;0.5660238282336144
0.3411492154725452;0.8900229239985417;0.5711191667877114;0.635431129713393
0.4540297008592527;0.8621071266431315;-0.14153713385161107;0.41930894476237485
0.9866496531880616;0.3623967291161033;-0.29527390287168664;-0.10354349588148765
0.8025787495489691;0.11585495329569238;0.2856971261737652;0.7568191622901688
0.8532451565967123;0.05951042935699155;-0.23418985328508263;-0.02023554457430764
0.42203936975877376;0.783842093914052;0.6174436857468755;0.02725479955046335
0.25363245378487465;0.6166497224787261;-0.2607754988795381;0.75619339300006
0.8683234741159231;0.14630241709345013;0.1450223359128151;-0.08436275580617138
0.012833239881446067;0.48890225662622616;0.6878724402588144;0.19764389271796276
0.7406614813632563;0.6306004894553724;-0.10257273800373592;0.2102310673861519
0.4754605776031561;0.6148004902765082;-0.09680998586238063;-0.12872858250433883
0.49146884284012804;0.295525829434536;0.5466509222410647;-0.044302901106210664
0.928280976443972;0.1544845044787471;0.6879651286815904;0.6187667780897019
0.6298173378568935;0.6936744694322389;0.5163900665075991;0.7138026168686638
0.6009074766135867;0.7948486925960442;0.29399764881523666;-0.18042909582089214
0.9810915227106833;0.032505827882502066;0.37936647341225044;-0.06725614911578606
0.43479645865485533;-0.01979778524146538;-0.04396339346824152;0.4505718427964344
0.4513715138282815;0.1940302892059496;0.3270870211804306;0.5687719358967973
0.2568211167770421;0.3870378335767977;0.6949922841365163;0.42399040645760655
0.8369221012392539;0.9138993207660183;0.5231871180438794;-0.1281623037730493
0.2864260024651926;0.7912452723773371;0.21351288813150157;0.07299186369924894
0.9596700522450465;0.510569766192277;-0.24905573799994277;-0.07741361952581863
0.709794980650987;0.5942245834545674;0.003971395503431117;0.7434174996400565
0.35722569309314584;0.3708350275374552;0.4948163649492541;0.37704677081750404
0.5978620737487749;0.25680038864482885;-0.18410878891244167;0.366605545457813
0.8690180406316251;-0.08202837360118596;0.49027197765425146;0.6438461173642933
0.06104028389792084;0.5327360657801858;0.653444080144144;0.1867733317732769
0.16826703570051077;0.5898586644064954;0.28468852805742784;0.7694382788725123
0.5658435456815175;0.4451917323798507;0.017994709297972963;-0.025646504915689056
0.23328178147201584;0.4835307656195805;0.5437619839818916;0.4818009389792293
-0.0005737287245155355;0.6695703513037473;0.26862445835080156;-0.054716568807002784
0.6797914326968466;0.2644004168548459;-0.20044460255753674;-0.11266503465959017
0.8905522050350075;0.14518251028813756;-0.19466770783507467;0.2785890112511952
0.3226789852560911;0.05414506552867819;0.39308076001327746;0.26465002732108706
0.7619708324957954;0.5519332281198078;0.12652339661055353;0.3975832452924627
0.03560826050748599;0.0020487844848471647;0.5000861270621912;0.29313381203355804
0.37152493179168694;0.8530718367515111;0.07039184686481201;-0.018598409319252475
0.8932063830317704;0.004580108118284188;0.6475438534300141;0.23944983688110588
0.7883542778808698;0.40889754862302224;0.1556869866258567;0.05368694031499835
0.6480370464025452;0.6424637206638546;0.6517759872166433;-0.009236621770771168
0.057683956192079;0.3773138667980686;0.702091841091898;0.468153887613946
0.5716055191730082;0.5824073552595328;0.05908947206330994;0.10753353420555634
0.6550961944282605;-0.017434639430226752;0.5889099068047233;-0.015129608731580502
-0.0018790993906216344;0.13620746605110276;0.31535053042352873;0.6970221466785553
0.6736471427790909;0.11455943950095707;-0.05571077667889073;0.09557723431376801
0.8203131591416354;0.8939491082786309;0.44204974698839533;-0.06462657381975999
0.3210866740265708;0.5711040448586251;0.63308141683541;-0.050917995527354605
0.06250736404238005;0.23655817208386978;0.4907566257793254;0.026686733041878928
0.2094275454389212;0.6826776288926705;0.3463302333607712;0.6929265816520572
0.24325924603996685;0.3927248634930401;0.3670808689674612;0.16200169451614432
0.0940840605509251;0.006032094642268237;0.05193860719982272;0.58989575398454
0.0630063225383096;0.40499853489818133;0.1098047900899872;0.42039230848509923
