0.21485783607937373;0.817231094393787;0.31827084488028257;0.08602182448977469
0.5398435654198954;0.7843598900907973;0.34492645539840394;0.31069750584311323
0.4592484875375827;0.6347727332968582;0.904285534938214;0.6830353544848736
0.4845716892857898;0.1879184700731422;0.8366457924322467;0.5275341247145955
0.6228181926941998;1.0061129882106021;0.057812989088848965;0.110508948944372
0.7324998829315157;0.8652967237715364;0.2901246306766074;0.544334165874797
0.8092640202575633;0.19868515029666733;0.3164946761132001;0.3479193393375375
0.17873906907209458;0.6285156423371466;0.6877589057197084;0.1846452376475029
0.5285411998177914;0.6222006069980761;0.8275465990028139;0.8835382651599027
0.7435754736965814;0.6056490578270172;0.6924005763758442;0.7017631716736732
0.20745979139668158;0.7693498678285426;0.15685796818317443;0.4617373190966149
0.7773202309762729;0.6476005386212493;0.6931677690941977;0.5496009978081079
0.6867307172205377;0.7126705991042549;0.03253394924118688;0.44120701632548665
0.9155677267836799;0.26764557850930104;0.4972895839612551;0.43210865242418844
0.820950477316884;0.05706053878297414;0.43505690774059014;0.2529750000376916
0.881053143464386;0.39309894769776615;0.6405887328406983;0.568899186505938
0.44538749090425683;1.0454725993822243;0.9725435164494971;0.7493783053837868
0.08014876859230999;0.5528994651136782;0.08200228790813505;0.22357616122871643
0.7713385263447984;0.221695159446423;0.6728066486022908;0.09708555863911647
0.44771823768796615;0.9446139738840674;0.3449507393376138;0.9091950326101167
0.1939331635408983;0.9037529827512794;0.6695267660471383;0.8837712456774415
0.6139094157577881;0.2684228262104097;0.20995675913870246;0.20453055992544644
0.7081195435482068;0.9527016352385432;0.1478059091611908;0.6417463881188012
0.7600561866289688;0.8293940991734823;0.7383075204431705;0.7049078853857862
0.21645638915939475;0.038994435923087205;0.034295628382909144;0.6811685135528629
0.40422622681239356;0.9475238927163415;0.11946237994104007;0.5209677600383339
0.1187998764999127;0.38103655955843685;0.11137429716138378;0.27316529566049425
0.4191844122121165;0.9465377194925528;0.5151098089943148;0.48379321461469027
0.35046344351388964;0.13947911381158543;0.21568744562311168;0.3993002816321944
0.18108988981124013;0.6618117133582347;0.9429707925418905;0.15841524805806853
0.3943551700443785;0.6456780525201671;0.041171436667987456;1.0105692234099632
0.04254858938997358;0.6901559271411796;0.42319459689609196;0.1641330547583876
0.5192589145273077;0.08195102147494135;0.23089895493441198;0.6738358705003782
0.2730360632074222;0.5857484472285415;0.7678623540581783;0.6702367523485883
0.8353636530698416;0.8905801239018706;0.4315739331639361;0.07418881377283462
0.35022345323815224;0.6237765026080311;0.5151504507591196;0.4349034619711688
0.5112255257135054;0.8276989092668057;0.7895435206355339;0.8998863956608218
0.37946544878142685;0.8124051412956996;0.9723577899261795;0.2002294864734413
0.7099818599514562;0.10136668309179517;0.9023609867285589;0.44645328160362363
0.9418373840856062;0.8262843417676454;0.9404576073448233;0.2163482337887728
0.9259464590787123;0.16992116280756725;0.5193822236146985;0.5721209045298544
0.9820183746060595;0.2999772952382576;0.39682690890680034;0.5449043018447617
0.7068905756904669;0.8860503967807932;0.7618957506837893;0.7365890208346174
0.5925162604736437;0.4069940485380715;0.727728522814316;0.9542655609851902
0.031206160934412076;0.5173392456764766;0.4699161252390965;0.5814412596413794
0.8946698349044931;0.4712938402907802;0.5377504361016082;0.9387221607754742
0.6195260598945065;0.7975318499585289;0.8989981827053708;0.31821020168703645
0.972679808321637;0.517668398372121;0.6539522074840932;0.34684997236846815
0.23889204848271106;0.6388726375358689;0.39689944700576757;0.8979332555079022
0.8970576809077938;0.5613464415073458;0.3628992353891662;0.4733386022355762
0.6200186860625789;0.22800109110532463;0.899521511243228;0.4079353574809539
0.760510321037987;0.7204973927853942;0.23089928032455465;0.309463601928081
0.5437211964443743;0.5236026725552699;0.4568411292739144;0.9545886317241377
0.5327195167709966;0.12796864108435058;1.0089636369389259;0.6211048722427083
0.5559641512009339;0.31302794098441067;0.06159744904454422;0.29237755387385156
1.0223118012367225;0.15288759591359294;0.6590130407089317;0.4860309003040813
0.6164735107598199;0.3040383488139475;0.7150165033618845;0.7554395229683116
0.038203185043284106;0.7790763322485964;0.16317282715083334;0.8983586294204695
0.9429553430410686;0.5703889251896369;0.20974936312486886;0.41570429061924363
1.0091386149847663;0.6656255510380354;0.7156616436395923;0.4283397509006992
0.5415443083287236;0.8724034021778291;0.7286361575372746;0.9381368786449735
0.4788398465474284;0.6509573669355687;0.87510950262124;0.9781251135248322
0.9550668638529695;0.8435895162741394;0.9425186684668644;0.7820525506194994
0.9068214146585125;0.38524674777631;0.12330062614560686;0.4437392745974718
0.9541232877941543;0.7772687622551661;0.364069872706756;0.8202172719112932
0.9420128282157151;0.30395875308205883;0.23686937324074106;0.47605435005551827
0.1891139537619855;0.5482766633377164;1.021056213143987;0.8272855021555655
0.5763885144515936;0.6869786903750619;0.3006033343713146;0.3654933679726032
0.6662253319967885;0.8858481306207485;0.2957877357373632;1.0219560286059275
0.9149535098378426;0.4731391724997215;0.9924028234001704;0.8248971359965966
0.3943519322510207;0.7682857144087258;0.9213551040312444;0.5986220251095544
0.560986769629391;0.35189252784203867;0.45445564496421265;0.41182205836193797
0.3082100673554271;0.6311788561682723;0.9794904995309665;0.24014187841602805
0.48244461226650964;0.4861997114800895;0.8624485975333315;0.8425980099927805
0.27170752594324565;0.3050603019810045;1.0257755384255929;0.2510485607096802
0.3190082375189035;0.1398847120214196;0.17874487050005486;0.9205956930219376
0.9026289938053168;0.5300895290850776;0.1158032671062206;0.33081309330776515
0.8690049927583658;0.3937813431227867;0.4163190192286534;0.6990190227927647
0.9514136693990565;0.6550429597537916;0.6156457342124148;0.18429295976484847
0.6263285467780735;0.73273935673635;0.3634188680050822;0.4382277859504851
0.030341570429249915;0.5855168335141745;0.5635267002159526;0.8368530779720225
0.8063337012776034;0.4181451592115456;0.6385502331256906;0.6333636299717302
0.3924667528962179;0.32351239773806084;0.4476997405343368;0.9953857670225514
0.7440059895141943;0.6569955321999252;0.9349388136721771;0.5970031970723908
0.1513604015391071;0.11587495855257388;0.4609788497972867;0.15891334063810655
0.6992184811098214;0.56031225706409;0.7658376404945537;0.8976365895064794
0.22232726282655624;0.19184043791136488;0.20170033265131299;0.48545257094482896
0.7921116150145052;0.8293114232840505;0.831126951088171;0.42367009047910065
0.6020093073583253;0.12408526036829204;0.5225807697771285;0.36250468638539235
0.8011281465788449;0.6620265451003763;0.705959410599038;0.8130413208948427
0.9165817625894697;0.058680544468926864;0.3620310023833581;0.6233003572088109
0.681378683220483;0.7271706244316184;0.5061366943564706;0.04595496361582139
0.22502216731884564;0.383298449801023;0.036394217980922544;0.7049847191788019
1.0171169578151131;0.36007490991676583;0.3175053246153274;0.44613240341754645
0.8870004885592593;0.8251312532708952;0.6686367181174135;0.5939863906302515
0.9304428085493491;0.2526348449120373;0.7114044025893888;0.9319898051226481
0.05886770645283117;0.42808721706992076;0.6315785060578798;0.4009447449773109
0.2953472903811031;0.21764934813984657;0.4611751674871592;0.20381970280950648
0.16282304036991252;0.11784912312913833;0.06584228941866661;0.8187344447373828
0.5332104033721251;0.7829796920963898;0.06864373697930184;0.6088432010983129
0.5651778599047274;0.7995065269263785;0.9717021542819302;0.9808116343013795
0.5190463989826168;0.8024280533324116;0.971532263526366;0.07524727620737952
0.9727774675248135;0.528901274344783;0.9497739979855103;0.18123562986767933
0.6283499956418976;0.5809383753682699;0.5858155619537383;0.28042860153029664
0.847202493001876;1.020454066614452;0.45651288741697316;0.5704201253211973
0.9373720543407664;0.6095694558274158;0.9247695148445997;0.8238944365734642
0.12109105450498539;0.9717243183728594;0.8205594523809442;0.42493459040895004
0.6245474806240651;0.6093600303356824;0.6205967780616015;0.6879353557655495
0.7927417939789835;0.056488596227934305;0.6520069611166094;0.15519943838731157
0.7686995619969764;0.027786494663175412;0.9895096448877901;0.7345568955901969
0.9490506412624217;0.10606219993723558;0.9620987493873544;0.8026916306827825
0.05968545965094666;0.20371786770810604;0.16707845740081767;0.4564050119838765
0.4860348953212402;0.7063220363382754;0.5889255527581854;0.407641045898197
0.21961428132204933;0.07464043757196814;0.7158786264454668;0.8928331949131799
0.1556094621613232;0.08974403955033484;0.9554734879461146;0.6230720859598086
0.15549375541709176;0.26022966656265134;0.6105049713043056;0.6440154523149315
0.7820840465465619;0.8081717454044482;0.22802601642224637;0.8440615975379637
0.10252596765158417;0.604879039235723;0.48853751637801895;0.6248617204591547
0.2333554950379642;0.889768039613489;0.20173573006212575;0.8759515845428136
0.8370864884505413;0.8871171039082154;0.6734462743173497;0.8602799678756814
0.5627536601436733;0.6626591806848674;0.8066552347137519;0.6480337387346528
0.40387998456164537;0.18716972563580203;1.303961827950301;0.8790781550150408
0.7833388799337658;0.7766333165646646;0.5110871735317293;1.016870093888868
0.43009449045975856;0.040358187864034056;0.3243837486183496;0.41809557175892187
0.21265805361796952;0.09733785646331974;0.3553011432177344;0.7038667019010665
1.007439038093687;0.7768939460407057;0.38143365111283467;0.6705834162386046
0.11323814859249996;0.3477359196541513;0.468338387327134;1.0425968396077512
0.8389753888455631;0.3314816801489668;0.19113518209394223;0.6117035415762104
0.5138216246151599;0.754805319243017;0.11058484083185058;0.3748005006712884
0.4448810355083436;0.534930710813623;0.24839502028454405;0.8002546950887406
0.03525909108151765;0.43366422600102594;0.5056988648581436;1.0624000573052326
0.44201479318165526;0.6327583510432565;0.8334215074689018;0.6732344517870771
0.3398801974620814;0.1816520017412381;0.8782231251201458;0.13200382847722486
0.5486421809513173;0.9129460548997297;0.346694921645244;0.6753866922470529
0.2713557503263314;0.3355513305650889;0.8366573770435201;0.882875027415722
0.6354003659796397;0.4363192542899619;0.8018442946686327;0.46864361246000397
0.5563486730895758;0.3792979198543784;0.4685539060466937;0.7882776109555835
0.8606479995903683;0.5427609316389209;0.6577538006489222;0.5349908450389752
0.946295321731956;1.0163078548825464;0.9922082423557691;0.7504567362059057
0.3699567478947766;0.5340238225290694;0.19198317209156485;0.45533300457649917
0.028450674791432654;0.23330154153344565;0.39518483201192817;0.8529483798337716
0.7592571861473587;0.8457959841803442;0.5490098863591221;0.3308676765119579
0.4690328448926435;0.10875072754433077;0.610734973994323;0.7960962903573271
0.905600056767463;0.8022075988561717;0.13125896790005737;0.04047337111200241
0.08913684039908888;0.6273338802959088;0.0337955702630039;0.23617277549918297
0.21715706302352786;0.9481314987371432;0.6297654263936162;0.09365192947923902
0.09458329578342352;0.6302779501023427;0.8210625445309262;0.13010888256750144
0.4013310918365584;0.6083224756953066;1.6644675188032763;0.48598034418516206
0.30782656130254493;0.7044412637549612;1.5632756504148284;0.09486929086419768
0.38799215697543843;0.48806802335145755;1.063491043563062;0.24548421868060638
0.740994391684032;-0.4062547856497628;0.9081984902841321;0.2789288512591527
0.7375093522288473;0.1285899439440181;0.6247976819206191;0.941599305302498
0.5368941935806356;-0.4986440915916156;0.15063698256896033;1.0885005717349232
0.635402281140017;-0.6165069229239919;-0.12223895357205786;1.3450668461011486
0.27338818065227327;0.1113754585222675;-0.20586542083664722;1.0804843836840672
0.31116887872091903;0.32014893256173155;-0.16907210993546917;1.1310538746776746
0.47887873245503265;0.8371852114683164;-0.8025536342221924;0.6315253003366257
0.999990171129395;0.8927585318308107;-0.8541588895570764;0.33392733117750467
0.9322553297735184;0.00481452109672053;-0.9755897117573119;1.4384861896528485
0.9694797754945306;0.6954127571572788;-0.1710720457864338;1.2647456460462239
0.6767816633928745;0.7893787086041315;-0.027059021835099766;0.8558774346764284
0.09350184179933148;1.0275183503479324;1.0529233048948998;0.23589662584152182
0.7856994796892688;0.6127234802489362;0.2914587095691048;0.7389430520654192
0.6071842273297551;0.21895105491529226;0.841548253137743;0.12956124654592127
0.6069662687512892;0.5993877442063158;0.16328241547143785;0.3645367144814596
0.48403752377105874;0.4750379484031453;0.3238083277072132;0.7794677076421096
0.40044020052353096;0.6116354416601646;0.5258873696754082;0.5993251090226488
0.45649584504006524;0.16305941839165317;0.2266692502170704;0.27641464581895864
0.07319025634399254;0.8657208891400738;0.1856173198278404;0.045694964644345575
0.3515059460079922;0.786732127368866;0.9328522119282502;0.3276799286949394
0.5605782760798456;0.0714045514147061;0.535809567381536;0.9012799946180626
0.1706697287048623;0.6349415315352981;0.1025558613973835;0.44574094810401826
0.20816187553038815;0.43409502174744435;1.1655905066361716;-0.0769627554524486
0.6458659907040568;0.49779220891448817;0.5183774709449536;0.8016905293837812
0.7882737470229746;1.1477909473263088;1.0865573880039945;0.28147731998166736
0.5150542378643675;0.8220687064633783;0.9926558123114934;0.9084597341983213
0.4047966692058531;0.612767365703453;0.43768336732770147;0.3386925808834817
0.7448134503683376;-0.076902733782508;-0.09488635449098169;0.3690490587694068
0.76648150634003;-0.4497272654130327;0.8565847567023858;0.01646607439591586
0.020142021166690387;-1.1249153089891417;0.05893279431233914;1.1253951655351182
0.13579548598187405;-0.36993452811192223;0.8338397218800363;1.417585166081959
0.692442627215783;-0.7028305206696356;0.17203863854254295;0.590342043997403
0.877956750705772;-0.27049585333768944;-0.873876145889093;0.44148884324412324
0.3166777768930967;1.2779918102572962;-1.7300779789051175;0.2946656927452807
0.1184008407025523;0.7532219761769021;-2.3434211800127542;0.26312007708935364
0.43332584080013514;0.06122699011908111;-1.597644953550762;0.877958612740329
0.0715589061522113;-0.292624254283249;-1.683399285010003;1.4126556974458204
0.656760921301415;-0.5455553095901414;-0.49573584200751925;2.053873819470575
0.4959669232242251;0.4976798621924016;-0.07378234316290158;1.5815477014537178
0.6137699839812266;0.9535625478154667;-0.4966650810631728;1.3616547862794466
0.6394018536602708;1.3296272696063798;0.7137996623458894;0.6334834108002635
0.10315155985079184;0.9071313422690036;0.535126873290404;0.15358724481078653
0.3384855809179362;0.9405320121014743;0.41892182821055496;1.0075596340204436
0.39980285626700096;0.6086062567223921;0.05639296065333667;0.33136092359171215
0.6667349871910165;0.6194388288745405;1.0246780975224485;0.14496257942744106
0.7586613768449386;0.5313083666377417;0.6525410053771222;0.7719945144350944
0.346230432580451;0.8167773888416477;1.0427480851048536;0.7255982560047066
1.0046070513643686;0.6052747122225997;0.33305232698136317;1.0144291811030208
0.5232561854573254;0.3056731955100343;0.3372831493311127;0.6451491432927573
0.959396916920935;0.34979483775885867;0.13343901112541567;0.7562533069394797
0.5165174260729318;1.30144701803577;0.5255255998029226;0.5010847616750225
0.48846837957987;0.6315187008208023;-0.3076521028106937;1.320557581808954
0.8706312755990041;0.05280371191292777;0.608200485720088;1.2372791320702339
0.7112000189725394;0.14446473424217474;1.3351966883698312;0.5477209477392495
0.5650684825175232;0.6462676557451621;0.953652169247148;0.8199595680610355
0.28539963848224287;0.01345539331917053;-0.4716008361803079;0.8150390244128293
-0.004908388081543421;-0.6132062906468966;-0.8001939797293343;1.050914673285912
0.8341905096884057;-0.7780250008129616;-0.1669673807092962;0.9367302082455294
0.9693909912711508;-0.7477186580172048;0.2964714109978753;0.842545278550489
0.7883881867088528;0.48058387543806896;-1.2111446018219147;0.899241275709422
0.8580599977796242;0.6275803550770747;-2.052226697114124;0.7544144785946802
0.27281837483367843;1.2017083695553514;-1.8040369017077673;0.2512303148496745
0.8828248199753562;0.9684328286298747;-1.849472860887672;0.08275313562908485
0.6083138350669871;0.09467060663805349;-0.5363130788525513;-0.0707410229137082
0.10395550763534948;-0.34360458804217286;-1.5435703415611048;1.0812399256369514
0.6717904091949853;-0.21843368654156695;0.29695621169378644;1.250158864665859
0.48416520088892595;-0.44678701977833213;0.24835555084946218;0.9558696497524084
0.9254088187598479;0.38757517600925917;-0.3145642664933301;2.132098003436313
0.9214388806482682;0.536029139659455;0.4357260199589044;1.570668653220892
0.9039963834469507;1.16545678849768;0.9012617088401982;0.8047193645728197
0.4579726197008286;0.4302540300155961;0.8587971678280147;0.5931550566710393
0.30510995854034073;0.7176497135768765;0.7738978400591937;0.24898216510784774
0.4342435976022966;0.8569935954667264;0.33597845219629907;0.11050447248144622
0.5593212845218127;0.33690465854196405;0.43964917971724854;0.8234315151263935
0.3700039864538553;0.5639144486430386;0.41348232235025295;0.47805242898585365
0.6156849451151271;0.7166702434593352;0.9084817951273141;0.9606621070520356
0.3329760150501483;0.28955001009362963;0.41686456138833516;0.958453100069665
0.6173607210163063;0.6550544861334902;-0.37265903793032024;0.7399348273068911
0.7939701645247424;0.4464645693466071;-0.8533470673228881;1.5984024949122695
0.921349060996512;0.34021732648843106;0.9578356536489254;1.1315592022524403
0.9557601207080328;0.008276992350956617;1.629640082105598;0.6677065812000192
0.3538145316470037;-0.01802110362325364;1.2640403760608347;1.1080300584701253
0.23733683619053242;0.35015562746778023;1.0368130720857835;0.4564542695105444
0.40079218137481953;0.0055990278929527;-1.4175374614580534;0.6111209536191985
-0.043316958724411596;-0.467920320626909;-2.2762015320267732;1.565052906602315
0.49619932870739836;0.17163627569295375;-1.0522983549806175;1.1698359136817194
0.004562348170860932;0.6046426572487913;-0.662122424359778;1.1018196043078172
0.8148280779153874;0.91115885018624;-1.0777817720525202;0.825123933445066
0.6882329542289768;1.5692117388402584;-1.2432490250915782;0.5339508995509867
0.12684899771348537;1.6455487063263243;-1.1445211120339764;0.4964527086445725
0.44810243557079;1.2377229813453965;-1.6333434205972044;0.4029823456196431
0.7905617327310872;0.9431139995812996;-1.3762886661154738;0.4076127125647885
0.6150685635372999;0.22731821494359158;-1.306714486461944;0.27575023935354775
0.6872199884528047;0.36263329268998534;0.22570087656699545;0.42524951873361033
0.20043872836988758;-0.195759354651144;0.2308431818411217;0.5399815217364483
0.8057212907441571;-0.07789697972694538;0.7483011568844562;1.2337850128534475
1.0418199232710672;0.15711983434248503;-0.5355087607398861;1.3595282759984404
0.8056892203830571;0.8726800682323783;0.6055743931592402;0.8770357540457515
0.7223731698124667;0.9910911638071874;1.6665098055564724;1.0726577409858384
0.5588073540834229;0.6007053311452488;0.8794949961641163;1.0041711078779731
1.0206671082801606;0.1055984565266148;0.711643705910587;0.7564142421261996
0.9747086741640302;0.444757548360762;0.04672740547387789;0.43667790975603993
0.213292905936619;0.7687042791883133;0.6804399597267357;0.2581253314524597
0.23906688937166137;0.3599018485079112;0.4041761576718302;0.6576131835398983
0.5333678621639673;1.0402237718722487;0.8459814518305055;0.8163691731752959
0.553672535629716;0.7384470252240402;-0.9628845414581492;1.6138887146128504
0.6593301298742186;0.2944689809735134;0.9387836831709634;0.5941648321873818
0.4703991627624483;0.5861328806521933;0.6532976812614676;-0.04397697638380102
0.8507454810402656;0.3709805817525566;1.0989942484761401;0.6051894455299796
0.4373379327653086;0.16578269519948582;0.037260157566845135;0.30997546937257253
0.6744627071490688;-0.583645824158994;-1.0909252517270447;0.5214027625757615
0.11335492479264035;-0.6950586399659932;-2.6096224781198276;1.2238980381801268
0.2126424851855568;0.4490797814677042;-3.078993625335172;1.1723424946730756
0.09371172713484535;0.497841602669094;-1.931294016591114;1.0650656824405451
0.5597418472689918;0.9632349484244269;-1.3685274872354567;1.4722555265676525
-0.0027616807679642368;1.5799497720952467;-1.2584995652599307;1.6615908004615596
0.2852702274886902;2.084862407844045;-1.2000131359202426;0.8555454763937118
0.1337105017702863;1.5302162115440672;0.05858799499531003;0.10277481903774045
0.16361099085654912;1.841123111318704;-1.1409351499854892;-0.021199250711169376
0.050402408917078444;1.598549083361344;-0.8479716249815761;-0.27420204707326334
0.017886956857938036;1.6502706465623773;0.12614902214075885;-0.4167659503180499
0.05301260290571528;0.682768528999387;0.01430729923258225;0.4716662372761306
0.1707699697113976;-0.1403865287303617;0.3458480290464813;0.775742113416161
0.18803842745570956;0.31413538438024624;0.23480716908071275;0.5521403307922844
0.7644396869164746;-0.21906856188680726;0.39263684077083033;0.7108415298744698
0.32942833074468797;1.0277516470667618;0.12646396436242316;1.6560615841938269
0.7751208509817593;1.1856635815359007;0.5800757358146829;0.7823117480662187
0.44016317512863984;-0.11897478406998865;0.1932123118278018;1.116867875696582
0.8828400345238518;0.8697024290159859;0.37362799787681705;0.09710190090654636
0.7272212136230027;0.5781950493673589;0.7775378469183402;0.8881519596556274
0.6949171012369318;0.8470518898593391;0.05720254994391748;0.8680344753705779
0.028498140238109086;1.0323886629084749;0.5358672768394616;1.0207481752326162
0.9317636134512054;0.7644966251575597;-0.21402027387733188;1.3006531915182278
0.4115302754626726;-0.36097190360442544;-0.002273203577640783;1.1992747745914811
0.2503878548002419;-0.1330914465265542;0.526852266022748;0.26724371172401473
0.49471679078800274;-0.024726943453966692;1.4517049483561406;0.5755046961238591
0.1277178071283953;0.1394177196866979;0.2652905824270403;0.18250533458299556
0.34073793558292065;-0.8457147932878877;-0.1706583091622518;0.3293641368978637
0.5582063120443359;-0.35254738800732344;-1.4969140085465666;0.7943791384106471
-0.14681546872213438;0.21689261988319009;-2.3306706721498895;1.3683058790870686
0.2760663786678508;1.595321235743375;-3.0701730239295815;1.333391244478011
0.8595156048400465;0.9725926986215495;-2.3256423364251266;1.85997873838408
0.2556348790619995;1.9159409179980387;-1.8864221663109806;1.4372456157939713
-0.0004957266870167878;2.3646398592179896;-0.5397738946476551;0.9383371763602076
0.2481417370248091;2.3958171772862094;-0.3504457390913916;0.863973278431347
0.482276889323054;1.9159420953735653;1.2259283937084235;-0.08799368004167143
0.8827621350771206;2.4484563005047826;0.7343724763443847;-0.2785613349201276
-0.06430178578615642;1.9470350679666204;-0.4087338633360049;-0.6897321588373363
-0.10900605505020274;2.4315682384778543;0.5636926113894963;-1.0460949833770832
0.06324299134476791;1.6565751966735227;1.4531483987771463;-1.014311275632253
0.5538834921990938;0.40988604755017793;0.8560209421477966;-0.3797340085521356
-0.13491399700210432;1.0198975398003105;0.994057490340261;0.5632598854167222
0.09299595585799417;0.6579528815919609;0.9572435024342995;0.43593364870813267
0.7315943015716712;0.6675350229848805;0.43966073602943584;0.8480336457597165
0.320596925836114;0.4202139717847671;0.34294435273525853;1.5416009660632715
0.3844518000403546;-0.23700572543926174;0.10854762311208356;0.7814755163908393
0.19729200892518495;0.6846927432223889;0.4760382140172923;0.6429833705584767
0.7185101127651176;0.28836386604543146;0.4220695146306436;0.893341811474924
0.14504388264549212;0.3314769515698778;0.28464219624805953;0.21005233142063587
0.9777927652979858;0.4499979659234781;0.5354507260654803;0.20217280609807803
0.8622062725667224;1.0979180524642294;0.12970490187685832;1.0145352721898215
0.7366157201965791;0.2086063670811263;1.3154941609525044;0.6240326272068268
0.6398001251040069;-0.478724471597476;1.5468780076486148;0.5043098544334412
0.5869753139760249;-0.44819672949570455;0.6023750340648564;0.2498783911882657
0.3906255892402957;0.3367641351342759;0.564123994354563;0.548391276975014
0.4855552948659796;-0.2573901579708354;0.2710297904755426;0.4514798776941868
0.324876532496948;-0.005506266622668237;-0.8309888619698943;0.6544857391050941
0.1339340072087012;0.0939118811725394;-0.45822348713638617;0.6810036300727987
0.4860643420183681;0.6609264217026654;-1.9829825812047663;1.4153058417399464
0.47490795803283425;0.41343331925399585;-1.732010447434822;1.637239904725759
0.8983499914204647;0.11908648811999456;-0.5652734109500411;0.9602056847758355
0.10939040615648171;0.7806062442767596;0.7583277377960085;0.16574222751216103
0.8409831347177603;1.245511963948625;0.9071516974487414;0.5543455639228158
0.25480042345902265;1.8588995516944413;2.1340549461812275;0.07834880316536058
0.3324900008011222;2.6592858938446655;1.5966284521337146;0.02132777773851413
0.8351537170178733;1.7429091563912753;0.3470932081260781;-1.0461521767181476
0.37230337028435834;2.1846041510303364;0.5056952216339111;-1.031892472663803
0.4533422330523351;2.6322252167533535;0.5902488624200413;-1.2027443747019497
0.3623452316072598;1.4872624167658999;1.5240027679314825;-1.0852019479250568
-0.052261352797392614;0.9668076428339207;0.8331359636520895;-0.17425414711642118
0.14619894473948558;0.12913216147303822;0.7718267952569834;0.44217345422263854
0.3638581003039885;0.04894679383973117;1.1486326971910736;1.373827647920226
0.8975902266627968;0.7634611115699887;-0.5206353629931683;1.4407161538928521
0.24039121778489578;-0.06679366414354009;-0.6388088863051866;0.8169419956056684
0.03988939076696809;0.7283322426415143;0.8222929073354319;0.8851407610011754
0.664974171582318;0.7261312919881119;0.23103564320930317;0.197238002524216
0.2848644387496143;0.5285813054886329;0.19950496100880458;0.17053277721371032
0.061097819692702955;0.6480707748526717;0.9555951652805971;0.8025067348665333
0.36876537760050737;1.1942226411194103;-0.4152057705019311;0.8032533313824625
0.9285001688176395;0.20741895018408038;1.4528225338371743;0.6974189649368648
0.13553739340907425;-0.3989692588525364;1.3305330444677481;0.35919698740545053
0.3067560058935149;-0.04400226513608475;-0.094062622394451;0.25372013390592174
0.5676539387936489;0.13261557811089314;-0.20395166023415034;0.6109539897758265
0.8119688435750865;0.6562530393891163;-0.10240916215877609;0.011896504561346576
0.9862086285464321;-0.3191719891343735;-0.7538520346437501;-0.4461162992325023
0.31041572536170964;0.32109764164223725;-0.3703383412208263;-0.31926007160765096
0.8000547213255107;-0.42492555167405144;-1.2819413738125642;0.7567176720772317
0.8632500907571259;-0.4418345511336679;-1.2505910120225516;0.6363411895055152
0.5746769372672916;-0.7572460524709133;-0.3438714177221337;0.8989208590910416
0.3381025529000399;0.3139483974361008;1.0694381118986775;-0.20201967226513523
0.8972527556276977;0.3884870332345381;0.8245441376827556;0.34053277251172037
0.30371840081674384;1.531311253065448;1.9713752547418353;-0.3715875555208375
0.9236041423386964;1.9805516648236061;1.7849858306922666;-0.3434118637927691
0.9017094900325822;1.9975210036561664;-0.25065139878879833;-0.3098693579872717
0.4701607070682631;1.7882672930281907;-0.44587134083627666;-0.6511874663125647
0.40424630916690807;0.9567601062150136;-0.34943565134189764;-0.3635483861616143
0.02067968085316502;0.6523648081474082;0.2953956986717418;0.0387051694835091
0.09168576632185577;0.646057114177403;1.4679132883888455;-0.5322964733300525
-0.043249598949613756;0.19544441187634903;1.2685053661354986;-0.32220158580291647
0.30606822782826704;-0.31873397888619037;1.333084096372996;0.42399437563992526
0.1558121513727421;-0.6560296616382884;-0.3992065924502112;1.801261096821949
0.6101498529290298;0.5083844269200097;-0.2744364852790464;1.1552486016456847
0.07495566682614055;0.37004186821648216;0.6280340523066907;0.8103534070501935
0.21573980682997007;0.19881702677745514;0.863913904234864;0.4780570973279867
0.9888453977663036;0.6683787263233653;0.6731126889564704;0.8758746389333308
0.9177838809861913;1.0824690014831768;0.48146300896880007;0.99733055493156
0.8722927282395472;0.950212760753397;0.20302947221740406;0.6574798435790675
0.5854473974889737;-0.4124085334759663;1.0391492476786977;1.2222399983428867
0.7761627213539393;-0.8858763752927479;1.7931840712360447;-0.16933400498823412
0.5871188423036761;-0.7768032114769355;-0.35251403842440926;0.43193337821763705
0.36900849231346466;0.41054719814841023;-0.7066935714583892;-0.2964994223149824
0.3140777906123407;0.39161066102389025;-0.9425477200843773;-0.15071133860674932
0.02545743412170109;-0.2246486152092594;-0.6921754168521855;-0.4289854700383996
0.5654692543506972;-0.6767288436515287;-0.25298914631887903;-0.031988371946433204
0.019807962394481172;-0.6680759691172024;-1.3858190374561066;0.817986945120491
0.0776905905830834;-0.9428802216494245;-0.8058294359684839;0.28695105294333884
0.5575007338667757;-1.24257271841091;-0.16829559315873246;-0.00752319833273151
0.26984533324249366;-0.3308449086186353;0.07519339194613517;0.12967652715176026
0.22515325263111313;0.8563216152945756;0.28151543274136853;-0.5020868022512933
0.17622526594430588;1.5068683430759542;1.5388072317431674;-0.3827273725687223
0.8175644203071392;1.7538113604630272;1.225113660914016;-0.718363170402323
0.48050296882528926;1.5786070703547435;-0.41521355810414956;-0.793960652498827
0.22088918706411714;1.0525159937079673;-0.908241503091434;-0.780693087981229
0.5788983332221046;0.6019543780553526;-0.06198602918480344;-0.49487749871302916
0.8930440488221069;-0.5232091838062707;-0.472254025215833;-0.4852761968372699
0.5448612544401802;0.3274724486655322;1.2009505599793957;-1.2030653174998704
0.36027083602790244;-0.03908729631670632;0.9439001710983554;-0.3006489630034803
0.1731495520128743;-0.556258499842883;1.2268090568951902;0.009470237744168407
0.9420420976788295;-0.677849653572608;0.24764416641774495;1.7888974264586441
0.4978788879864547;0.44933720256917664;-0.19045122148979685;0.8158753083500446
0.36721868053300377;0.8104220053479334;0.6346753710153965;0.10130752913877365
0.8816322156613187;0.8087188823005311;0.6090649093696083;0.06297342729203952
0.4128831471386213;0.8053901155683282;0.5830668280307705;0.21025165946069393
0.8907258025543091;0.19753731278780223;0.7099662515277366;1.0977068898740259
0.9670111218636096;0.7250948153413049;0.5462379668551227;0.6454312816133678
0.8643357541167983;-0.4880448438966886;0.7986954746773687;0.5739673493940954
0.6546745880854485;-0.7957721665839945;1.5063167135919555;0.22537351966099545
0.055763204918286825;-0.26150486985866855;-0.1650873248232699;-0.5677992607383545
0.3221040309704243;-0.21034761259590426;-0.8649289397175827;0.19458567259961335
0.850999457232182;-0.009515298185279929;-0.9641273670543928;0.018394677101940114
0.5271592898916115;-0.27341040609805684;-0.2886232680059761;0.24384331272036766
0.09489869827568213;-0.7273622710000398;-0.7629884892173896;0.09982850497291611
0.09882095993592714;-0.5558773565443372;-0.5127510994508035;0.3973867259168831
0.8290137602879412;-1.1753721080110373;-0.995002820724568;0.016625198022297262
-0.02791928901671638;-1.1719462315155242;-0.7115190722062789;0.3499334175342155
0.24783180734176685;-0.5229561742864223;0.3648461371400806;-0.19108150176194158
0.8738582643474833;0.6316268245149761;0.8191261628041584;-0.7461293351604855
0.8581789401608478;1.8157468342472003;0.831744488116152;-0.7256638682827993
0.884497626510599;1.664728676062319;0.7987326040731634;-0.7144086352016034
0.2019930379100761;1.2792299216886325;-0.6451074670283596;-0.6779275513291521
0.7841304513300951;0.33703652220999736;-0.8210766244747981;-0.3319260187151152
0.0917153958573328;0.23287760448906508;-0.20771702865865588;0.3077201867725615
0.9429745289440415;0.20571041870563592;-0.1620644598956888;-0.4780602797008657
0.07708458980346959;-0.05146588643599494;1.8149175819010104;-0.41405235430873943
0.6154769924044193;-0.13805624159465002;1.825685486740794;-0.1407873611059296
0.4317397162912103;-0.9835299394299564;0.8495797252823276;0.46984381542824905
0.615045839468348;-0.5396919605170346;-0.4341420685343812;1.5107123123554016
0.21891003137732734;0.41128571059770413;-1.0893323564401531;1.4344454687973733
0.18538870612218633;0.8886735021882831;0.7119479442501535;0.7213663488391706
0.17377903354900268;0.9739229910874132;0.7848645788976358;0.14350150175707002
0.8076245274703119;0.38015694221031116;0.8815240039376463;0.4490416638665037
0.17419340557054258;0.9123302998840412;-0.08298994441284377;0.52257475941541
0.3095990288876375;0.6342502899554088;0.11930538245391706;1.0550426438176563
0.8399989121042326;-0.1392965517871716;0.16706485309841748;-0.07153482964655744
0.2409803105940117;-0.6379482410239184;0.813579140069156;-0.3003125750477465
0.7362991308700348;-0.6180817881966174;0.055751030271717045;-0.10369138441714577
0.5361936904722295;0.19991822733452644;-0.3700657295050808;-0.038045492371927975
0.6064541688706279;0.3189347052741096;-0.5424151539023515;0.08464181490763582
0.5480155971385628;-0.3938859391760602;-0.2724137822038233;-0.1219537961736215
0.9016194258981683;-0.3978192305811988;-0.6411691339541198;-0.6316099806508138
0.35692871234755486;-0.7315802772619292;-1.2761336287312735;-0.012759529936379342
-0.05011044222574267;-0.49803892882558815;-1.241191358937729;0.15430744299479787
0.208316028780844;-0.3554649566037203;-0.8060504764328897;0.10669405129177999
0.05465095966243266;0.7674572384209569;0.9354393237697683;-0.9134163700120741
0.3239435553635847;1.2262822148914956;1.074865199742067;-0.6376177791628471
1.0008240313226628;1.1804081132061417;1.066146172316581;-0.4694245201810232
0.8777609155179007;0.9336527040943828;0.2532959719713159;-0.17864436314237653
0.6362354763928956;0.6349274288053022;-0.3693861615815578;-0.024523646382751573
0.7011859851988487;0.07578604053221888;-0.34590696987709235;-0.1929017158958455
0.8775423447395554;-0.12316435407614183;0.020358849002478894;-0.22007376424974964
0.9151248551706491;-0.1071988283778093;0.459573912040098;-0.2972060775254607
0.7294556558513311;0.7964976156085555;1.5136788760751057;-0.4351422112197531
0.16975309504540634;-0.20909389053642574;1.4225558081183591;-0.09391250703400454
0.3233680727490403;-1.0737111604946323;1.1880214107213378;0.6143276927701791
0.31333020522965094;0.157238963436235;-0.9451762141552162;1.297499822005969
0.2704206995233695;0.08057661774509202;-0.2983495637521495;0.8505949053109733
0.6198302396236769;0.33297408944750173;0.5163555176689573;0.3073428790829238
0.4280243439256643;0.9231783030894747;0.3995934475886897;0.09947265437949794
0.044635145247357406;0.20396414836004909;0.47989700845174277;0.837580023848152
0.9191609657216343;0.38693325266335066;0.0698856825275851;0.8797786661883289
0.6535430075097421;0.7022323584197213;-0.4428736706239503;0.6692454086035083
-0.02546660919781866;0.4761373797195622;0.5971608229635202;0.3461438220976172
0.340526772632048;0.5661780129612993;0.7662382506042805;0.476778156905739
0.152020589631084;-0.258997258497128;1.2521594852686742;0.1710439805821118
0.8942878585315829;0.6522184685149355;0.9675899370965901;0.017378361249963798
0.40349711276868633;1.287987929431844;0.012803115711313828;-0.16190619763967035
0.5173750099968532;1.3450602731751753;0.10752367463812007;-0.2182934288955617
0.01672776629047572;0.5354044387693917;0.1337701164241818;-0.4160482592142959
-0.05764626654563026;0.5209545954843293;-1.2217540073767823;0.4414111352639831
-0.11573030990606005;0.6037038774214851;-0.5215139041979057;0.06448839527552486
0.6597363264693811;0.7023388497946188;-0.254667180372969;0.2716098931270063
0.7368410855565242;1.2573577036478456;1.5435211092034047;0.2804055161813897
0.9803543883260345;1.6599564319772597;1.498093678036185;0.010756152152851098
0.4486251892227381;2.1945200328510035;1.3033652049397453;-0.5915370024968525
0.7163363443366844;1.3991404128107923;-0.4117875450539519;-0.5052398276550796
0.06616580473083689;1.1876447865370463;-0.018252143032981717;0.14940534460708954
0.9608373911855286;0.7041452528864122;0.12896605919652385;-0.1521799472204269
0.7956007773878775;0.8641579066691033;0.754085543160875;-0.15209182082100892
0.1808722425298941;0.6643825226464047;0.3735788002273169;0.3964333648912376
0.7231813978265711;0.8110263862518197;1.9611168096750349;-0.12653926739041746
0.6640476226287599;0.5134362418479934;0.7615163224941748;0.7147660326031687
0.1239434432429023;-0.00539320473279273;0.7814768357420403;0.751948392932322
0.5352935252065539;1.2259861920783177;-1.0671671468472088;1.1298541296373146
0.011868815344589861;0.6440474276200655;-0.45955079041555447;0.890423957940437
0.17681431919866428;0.7655534017939347;0.7922626289331924;0.97102200924491
0.6797486379031655;0.30973835807122824;0.4167320842366365;0.15923410882698213
1.0099357761940415;0.42502521612598365;0.10175895650614301;0.14024446894523115
0.5481050216386518;0.4794623776659751;0.15304817980946825;1.0139139651705507
0.7545182236652684;1.1077356592397984;-0.4161912389782136;0.8381994112673712
0.7835568773518777;1.380410465324376;-0.06436592652441887;0.7414819316391414
0.2889658668628468;1.1102294998600912;0.41663018010752023;0.9076843707100855
0.21942882440022807;0.7844968122001202;1.170630823980654;0.6751049285687131
0.07123031037311996;1.7604631428866147;1.5089521005517021;-0.7101839936464707
0.4074507163458565;1.8899183900348493;1.5703742668531355;-0.7790211096790327
0.8999544737920665;1.2937291342780866;0.8829752021192201;-0.529910820521494
0.7062859800922281;1.8814073474938695;0.9127619156134635;-0.021295014985126055
1.0141972232048921;1.4475259203979924;0.5848439633863436;-0.22638219074060875
0.860552358883311;1.6489045521491343;-0.3096573825970639;-0.22402232491070928
0.6477760992473646;1.4929014242580045;1.325534217764336;0.31303657584124683
0.40722868930049644;1.045516224716729;1.7268382529680224;0.9779489975033353
-0.07287880930626592;1.9900363972996884;1.9929988765357627;0.31107819585406477
0.27274239062170985;1.623071592612511;-0.1778346488513647;0.4841863976570154
0.701676960103653;0.586556629697912;0.1888024036854636;0.2670981558564251
-0.0005321468951795253;0.9090997825876608;-0.34076282372226757;1.0495881220532621
0.7491069281635964;1.2323263850037782;-0.09901613817486027;0.5164133432704144
-0.006945186264377503;0.9174201788978688;0.27856769883446164;0.42549085284533394
0.6686028186286614;-0.10683484355961521;0.8191628780910709;0.9459909094566467
0.8926100274479124;0.8120092790905786;0.6662219096177269;1.195500137927678
0.4102249435471154;0.45431491023663395;0.9541228760169497;1.0696458442783472
0.1164608060685803;0.846547615075011;-0.1818886580992617;0.8416599801858108
0.7523523446404199;1.3261949513084286;-0.7326364365925182;1.0868122037666825
0.32261903145174037;-0.11638548680065608;-0.3512438082157209;0.42633495082645423
0.6725022756920923;0.5136497350039708;0.017749969589287835;1.0278911367754442
0.5266069192847629;0.9388331438727542;0.6959500666015537;0.5077122895789282
0.3520227436719441;0.8353905717693649;0.6183774723956446;0.562097491054286
0.7199100759485545;0.5318382466300958;0.9719684071378168;0.9981812560225134
0.24268307063289288;1.124273152665464;0.6361462884436452;0.27747760009725997
0.4346909840633286;0.2778333834868032;-1.061873423699922;1.38094633351571
0.5290089697777178;1.1524743339390715;-0.3323954784626251;0.5006479973638956
0.5902711813862332;1.4284355515333287;0.29864898499892045;0.4922304619834608
0.3936000715755408;1.2197957368218297;1.2835672237199331;-0.6822510401484839
0.36114628824707523;1.7320602196889767;2.2873605835009183;-0.681639927083225
0.06514102226324535;1.9221723395230836;1.336791127896695;-0.4249341701208807
0.13327402974987754;1.7140459968705537;1.5862705081993784;0.38936303296982
0.7604492609267587;1.7258792626191246;0.5422494487238454;0.6889539977755963
0.7792938804547224;1.3901448901591613;0.863077380016785;0.5030449672420376
0.6215521780443137;0.8095699788305516;1.3499440471340403;0.43237136363307044
0.5176691972692498;0.8350923265944085;1.2535317314552683;0.38063491532946037
-0.010065140867318544;0.09192318656175366;0.874602472754694;1.2122956263153883
0.20902738820060887;0.40966496353549076;0.48475142533795934;1.1355015676329823
0.05010522718054423;0.7014737829326629;0.7009815963361633;0.9827828231212599
0.8068395530649071;0.8880428736694878;-0.27706761911769373;0.45368157727698016
0.6386839481251833;0.24552381657836778;0.0315167690269131;1.547789664545412
0.16903110843346983;-0.45273550246485955;0.3719708348726556;1.0279948121215146
0.8651753624227279;-0.017737340914173578;-0.061051271524221046;1.13263322557775
-0.07642857525803871;-0.17030916043997504;0.5368365793133603;1.1516891211323845
0.2273463680750268;1.1865186369901497;0.09159144637328148;0.40835391782659114
0.3380716235222875;1.7233915192992044;-1.1969564348942474;0.7720847153095103
0.36669018734517855;1.1834115397168434;-0.05857140290018818;0.5770869556194428
0.4914760439350931;0.6518860246054824;-0.05504035334806402;0.6907285837764396
1.003329590749346;0.761056894459611;0.6992959976633683;0.3491239925066013
0.35074950417274153;0.9205556266705782;0.6948691607691508;0.3798524233235249
0.26777609013953696;0.7232272925756683;0.3841670260678014;0.6828587712005423
0.17758503619573163;0.9584219299982345;0.7228618328814853;0.4249682019194528
0.12258088773328486;-0.09354141787992197;-0.1256376262088698;0.1703445599910754
0.6887710091462197;-0.6170094694315432;-0.09109241791811584;1.2337534380969395
0.18475042658621063;0.21735019761991753;0.2961592211181587;1.2975775312236235
0.5109875085606258;0.5767268847226988;-0.24886215158320776;0.35009022464270545
0.8804503312727332;1.515589716500922;0.57493962810399;-0.6200186557198375
0.6461860081447829;1.5335180109632542;1.5286693795361075;-0.5819936719704041
0.8444911227659535;1.6944567279753078;1.7127832198679642;-0.3626691756157675
0.9716227450249535;0.8189423203972277;1.2255460674944576;0.8375239067748257
0.6307903737966154;0.6119658375438617;1.5040559060070702;1.0038943650943855
1.0148776119214544;0.5141525302188906;1.2977077483242316;0.6285759091942905
0.05239613718358159;-0.2021596072071355;1.1963689910820805;0.8797925288602045
0.5029170044198058;-0.37869514832962675;1.6537681518390224;1.12443464290957
0.9782086618057377;-0.72257206586261;1.2475224562703258;1.7061423515601446
0.7747255581099649;-1.1417269307506612;0.6585946543850539;0.941854136407475
0.898058981552662;-0.41734846622894717;0.5498266924259545;1.080303811635442
0.6793956493170359;-0.9414090663697966;0.24071722603754728;1.434815692734163
0.14698344240277664;-0.7514071965599768;0.4780542426905781;1.335551517401932
0.5451601940569455;-0.41003601759503117;0.38707658591853356;1.0251320525721908
0.4286012097059911;-0.3027514898690522;0.15554829367850467;1.4030816868007565
0.729364958011631;0.9507419577839257;-0.28768960129896337;1.305473332412316
0.10462199486343414;1.2618538240733912;-0.2740031231481356;0.5246943434326233
0.8515076814100125;1.9584275160270839;-0.2968963363882167;0.20163535468376023
0.640798263250939;0.7104684445476266;0.13496050524304648;0.21727908367022045
0.436742078479967;0.32031944683993396;0.6317683905378414;0.15730942475113302
0.39579478785813427;0.18288366755178423;0.07902625204202866;0.8204876075840949
0.37949805822706645;0.9688591528461512;0.9622557841660566;1.0193387799808493
0.809565896839484;0.8815326501788624;1.0367966086077927;0.24955476614759228
0.43168114109091504;1.0057302219194417;0.7741118464282506;0.9575376466138485
0.06012989996542934;0.7464068661150735;0.8222724427654957;0.8362050942056225
0.1429594465932858;-0.27959616919678465;-0.4950196905106123;1.2892546066369022
0.0017634103086323302;-0.6264572991270249;-0.04880197567728637;1.2562477630307545
0.8569319964919085;0.05847120212959717;1.021861621235671;1.114807605238672
0.9583700206465966;1.4555882506239894;1.8502019400675354;-0.6333012489018244
0.9542127738456792;1.4608659589209927;1.823229890804332;-0.7735279246261533
0.784430208135183;0.8234884084130764;2.3196500379730796;0.6847853404554388
0.05168656283582861;0.7106801328316512;2.770289371410869;0.6407059091923467
0.7326209560535213;-0.15775282158516196;2.4594534597515705;0.690354763604117
0.5897173497245475;-0.2029197629838828;2.1375352124834732;0.5378997040934876
0.7962832649654206;-0.0855755966096014;0.785231276699096;1.004123064265522
0.5071928001754581;-0.5616945761769626;1.236009890305672;1.1543247739809772
0.9948026787057968;-0.9888385835474622;1.5674452008052533;1.0395072231310654
0.7989384396724907;-1.0723815504776688;0.4402006802409104;1.6098078475852189
0.1493511996474217;-0.5874900096526618;0.22035965753735282;1.6198355752043094
0.7519795401516275;-0.28089235623115566;0.11097378039536637;1.1512160627217227
0.48367838767155436;-0.748299212343717;-0.36783924207023944;1.4648528411918404
0.18115355901870614;0.09110789574269008;-0.8683846220898993;1.5571386673088743
0.5189064748726293;0.18511284484084994;0.07263420510465726;1.0394231087649286
0.5596396019776287;0.5527054470470592;-0.17757504299155025;1.152773763883752
0.30956396308720496;1.6924701070867751;0.5533988524126426;0.17720401832656268
0.10414349257299045;1.0469371274234938;1.3271353858497648;-0.013250564356745745
0.042374598628434866;0.6649920567211524;0.4528396092423593;0.7034377438156306
0.6039442472777137;0.9609962255804443;0.20461721888647103;0.8233352213614191
0.7800830972466116;0.06755063791865319;0.8210751337993589;0.500728744243443
0.04649925895365977;0.06432677266185685;0.8061272916181499;0.7846243666679388
0.6857425338741555;0.009905278061152469;0.37061714869000734;0.9892196331502635
0.37261008507678706;0.156705726146119;0.054308306450646236;0.11364309306410736
0.6139790059062028;0.17027293398281923;0.646450278411951;0.5745113214577531
0.4848645667426034;0.1794912015423329;-0.0493676494946355;0.9248275618746842
0.14726841774108132;-0.0044691687822761925;-0.12477521895714656;0.7134670103903822
0.2322639792827;-0.11299705541307309;0.47615400909673855;0.6824615766065939
0.6874841376778603;0.09573916954500705;1.4862833549004104;0.49398450961211066
0.42470184940802863;0.05131090006901538;2.766664815922948;0.30354416253253413
0.06996268454822738;0.41109675345592056;2.7829225276541725;0.43326197916649534
0.3728822317706448;0.9545861059404249;1.9655793333429352;0.6748603661079908
0.9188061106437673;0.7096229318411894;1.719949601933188;0.9544702714411403
0.331046205711818;0.620770674937115;1.7326903937659084;0.9004786012133609
0.7840810435428799;-0.24124131891268094;0.675914375443403;1.2732992996778532
0.3728082615168232;-1.0283095012233676;0.9111593381334545;1.2737895093472553
0.047058225657162944;-1.3118385479846302;1.2895186371299587;0.9770928130136259
0.03347169752239739;-0.583920373816002;1.1150782224081819;1.2888597870676741
0.23355490643389873;-0.0958745030693287;0.31435892628242174;0.832892729135981
0.35944315426129053;0.2958017380912285;-0.2959674803225561;0.9081327685588767
0.20760583625112783;-0.07255515579683969;-0.45485246551172115;1.5009896806759255
0.3652063653452558;0.0507619024391711;-0.1312434242847554;1.2434224875596138
0.0599618088164603;0.3016235772974249;0.8729573695928413;0.7220703741375512
0.9477047278842032;0.36894429350285746;0.4352318542733167;0.09042803532159062
0.33187126318811405;1.3222482200190318;0.9467882360780677;-0.4609856121901054
0.966640911678957;0.9238958250903675;1.2203443802666483;-0.02168891219616515
0.7526351351645553;0.5859234362189712;0.8567047310794215;0.5575963941675317
0.3019716197040688;0.6657076997368744;0.02009545627224954;0.5669522880917638
0.23514664133086483;0.09770188674719714;0.5446717179344263;0.5036128126599461
0.15511631907250606;0.336619383514334;0.4200880267616573;0.9457608447404731
0.16134305490562667;0.5786808003433831;0.29049141700387404;0.7540023270576243
0.7696813112053781;0.20168357066786516;0.6330813278907749;0.7059021928173796
0.3745706951486232;0.41449042706331574;0.7702826938569545;0.42415104148287347
0.6032660179798882;0.45443841772875504;-0.021032156138742958;0.16525236150369643
0.9724928583117944;0.06336350783794317;0.009097733256151572;1.3029656362011257
0.7093101340818128;0.8368778649998246;-0.17660534778043735;0.6061384152042482
0.7972825651689923;0.8638852507268134;0.7709578986475022;0.2948507670897197
0.2229952906829716;0.18086571341952862;0.7193094674664356;0.09980835260442496
0.627868885683249;1.1023485741838488;1.137512242418731;0.46203328585897896
0.34914298385480924;0.5613944045638847;0.7872356786900448;0.369483381786285
0.5775911407466895;0.6530413187496715;1.3993944100916111;0.6544155367440405
0.0787828900086774;-0.04410232374374507;0.8782679299632823;1.0257355458771558
0.9001880102189327;-0.08001518005979769;1.0263484108445853;0.9628796567070288
0.8902042870119549;0.39354561843563657;1.1780604530174108;0.8699216595255078
0.22095853145556954;-0.06734030388673924;0.47395670178265203;1.7088742619193744
1.0117847147679266;-0.5959232375163844;1.0260885353425233;1.4561515094684307
0.7455538020306651;-0.683818968127182;1.047116867913196;1.0220318452595223
0.7400233596030824;-0.11986319847073473;0.4140324346978153;1.3455760411208144
0.8685267337146364;0.08387409833434327;1.0661280181223258;0.7640539211970645
0.9797511938232297;-0.46065921165287976;0.4513738393314275;0.5552670349418867
0.9288109723549537;0.3881752156517534;0.8588581827337156;0.8183613487689084
0.5442218410823664;0.447965684508227;1.0654229082496325;0.06913057426289385
0.3297693807623943;0.6139876530075176;0.3962990620680293;0.8123878494271803
1.005976502569172;0.7449635345574315;0.7951442793792304;0.10117091763817168
0.21361687986336977;0.7412427216406459;0.3888531883598299;0.76087472832617
0.7882921442531454;0.2048419905710102;0.49762929696527297;0.5142611381122818
0.44557731605873346;0.0697077931048703;0.6792060392641506;0.48617826373112694
0.9127974115482905;0.5537859878524819;0.5035714357866777;0.7879170815262192
0.1234320550259575;0.8105159069141343;0.4210425609104048;0.7914783231363188
0.4542563724371023;0.6644722119828419;0.14682033663520694;0.9509032483448502
0.27291493505048603;0.6436387791679583;0.4112552917581584;0.9385273751680283
0.07540401637086368;0.5761908748331066;0.5806586403693094;0.16144824124069623
0.5260285198874741;0.32014321077620606;0.8921352062571882;0.5604780190211628
0.696898209734978;0.5550115943166763;0.8387799599193042;0.657027342738277
0.39067884727010055;0.9831879808631376;0.05105887568210584;0.44115473473354677
0.23419645743556328;0.8564558399188998;0.49112682715550954;0.03309451644839059
0.6705006751368469;0.3478201593962383;0.7074069274088797;0.14562110641397066
0.556859742615787;0.3431824187572697;0.9447805811140482;0.7605670330120665
0.45216535803713415;0.055955694079709684;0.3228028909105031;0.6551134600279704
0.12048636236507466;0.6327484912424323;0.5816101842489222;0.4817956848629734
0.2319770550166591;0.04945350213970603;0.15232020970292096;0.6912378271931615
0.5036620851975359;0.6994732633901907;0.22675752414473363;0.48496999501325033
0.304508322726089;0.37520687616582293;0.8693757826653791;0.4311597884577334
0.3624629050663414;0.4107296993237495;0.7665501859437835;0.9155838705593559
0.4925502569367228;0.1207489424633175;0.5198926693152939;0.40061462679804116
0.8463758070343067;0.12271195035046419;0.150886852770999;0.9580381668147492
0.6984546036959917;0.3637067421244905;0.9314709303507982;0.06308427969112754
0.34776794097998137;0.1642990465567904;0.5164014321170243;0.31826194420650317
0.3639320683686465;0.4741022770908087;0.27488586413856414;0.997727625980583
0.640575129528152;0.2234548816174037;0.7504553667722862;0.24342698994509784
0.8600316905070876;0.8042434482984381;0.5544596418763659;0.8305583693272913
0.9016352780291538;0.9599714498172416;0.9231535738648867;0.23158253614857724
0.5333145136492057;0.19264314835550023;0.058044492984742145;0.5620868910050572
0.08550695648887564;0.5582269087185648;0.9170932825581576;0.5748489559483394
0.11216465230956808;0.5667324919370317;0.13849219555600548;0.9209871056326321
0.8718196251879032;0.6793750728001587;0.10613762522262288;0.874528280087183
0.8562170027673793;0.26998775959848215;0.46710508307218707;0.5557902490731693
0.2993604005091763;0.20170993178523525;0.4452691180965553;0.6662328923868751
0.8993900670988322;0.12232566577582117;0.853524058996041;0.2708807842219122
0.45824351880551956;0.24971117779593002;0.6746961591324796;0.9369815873768733
0.21737705329298546;0.8044210166218179;0.7407856556311269;0.5780330032627746
0.1653511316164749;0.6197173336004687;0.14444136762777338;0.37975507034349554
0.843170606080538;1.0235024617037438;0.05689891885442908;0.1911930990574391
0.9144822254158724;0.6941337152933162;0.1677676591269633;0.054872824454094915
0.1754326045594165;0.3872043409443505;0.236578196440418;0.8583922630033163
0.3294927503523815;0.2561366246857953;0.30151959334850825;0.6643802795116478
0.878091065515533;0.39922517155243376;0.27991965279170977;1.0057609888337815
0.501488185720696;0.7140285102700421;0.7614493166607971;0.14645636707750082
0.7189661881991244;0.6744832473120603;0.3876357246236531;0.4790642027984663
0.26809260120945183;0.8578343263731782;0.6472034293225287;0.3428130945413844
0.7739498916434637;0.9563377764977242;0.8332663889719497;0.8194862614184018
0.6083638921696385;0.5732619196517824;0.5311067271505333;0.848285661796411
0.6976294155199542;0.042333801955036554;0.11008866601767965;0.41084388007292927
0.6074171511769654;1.0191602504465278;0.06024390072301319;0.3454863092806909
0.1005757648710432;0.7739330612700034;0.5470563878612857;0.2606163722139504
0.3342950555705983;0.28837582266527506;0.32087448754447917;1.0302324483797627
0.8005957780764522;0.9359579415316548;0.3387724807328279;0.7764778208009783
0.13797720291968413;0.12459862383556385;1.0036332867667677;0.9650475095248168
0.5774674116257348;0.6112031908284133;0.4284418589867564;0.2587950994301776
0.4255782246739826;0.5487690708631572;0.08266643404777109;0.43170562817821123
0.13853887678102228;0.6386562882581689;0.7124966723617976;0.8647852845926672
0.3272617900183566;0.7880155790702938;0.7202629963900254;0.9744848056815592
0.35327435094349674;0.11691470313818317;0.37812376792595986;0.5452449221700707
0.9270763566658036;0.7304473151502707;0.07675198892486786;0.7808267775579725
0.6563268616249606;0.5181005529308383;0.5853219640965269;0.11517714687484032
0.1623123679711304;0.5551684715416837;0.9165891067686301;0.2477576175911051
0.6820010884445925;0.5229826231195576;0.4563078623611096;0.23219515129959375
0.1411479704518474;0.24926155451494206;0.706882923065917;0.6541356005187795
0.7953790990830956;0.1395201690969978;0.7859015534662435;0.26053335975167047
0.3237036829210083;0.515703366343418;0.0942675817302454;0.9984631643545665
0.15894087376852667;0.46886126532264405;1.0093776705207453;0.1483635073954997
0.8898753197413525;0.7023003932230131;0.14110275295775632;0.17370963948877782
0.45371182378332114;0.5172540370877119;0.5455998012545589;0.7496080790300834
0.7355688896413456;0.3961436473318163;0.7656354773492995;1.021349284784503
0.08927387158959649;0.7515103812261462;0.9138469374850531;0.9326273602136634
0.7910789268178324;0.8545771967439716;0.7494999153897196;0.6703045792407759
0.6732213922397088;0.18194672738630427;0.32439997579724417;0.6187251520679222
0.912502937848763;0.17779688056134305;0.41174464930099236;0.9269753262311085
0.12200538684005763;0.44272332380067214;0.21001505024126904;0.5275341326077081
0.13149234821663774;0.5361854313199933;0.5442630700413816;0.3684868901222399
0.9942339563109822;0.10778461334941951;0.9821226200175271;0.9649797642975547
0.8388263388796223;0.37575012948936326;0.44012654672064105;0.4797008006866121
0.8545928511452012;0.20965751931838564;0.9937011200487527;0.29801674075981666
0.5884791985024758;0.2651875333302396;0.5462234434496919;0.9334149743601546
0.9146868101267616;0.06387734673682642;0.3580036721326682;0.269284748914227
0.2560809116244452;0.2678450487352132;0.4499858410694571;0.6727335164838979
0.48397310086165796;0.7784704828913541;0.49834890057738424;0.5141193561830243
0.4568070473384391;0.3216253814645339;0.8347190669976375;0.6356115475480225
0.6023703197171391;0.8913787085745;0.6453514633044651;0.8765848187645269
0.7323941474968967;0.16583678326167375;0.7394260808024455;0.6468824173398071
0.9927068086470591;0.4885183558837021;0.60169165585718;0.07703867161870753
0.3253224164292256;0.8812721905162219;0.9611130915797839;0.0781728104558381
0.5706020747459472;0.14207678458844747;0.21007347352637423;0.23976536413407376
0.737698485211688;0.19544727323109604;0.682235253384009;0.6670520793748037
0.12988930233988522;0.5689060972143722;0.9689815543597026;0.6750196873278739
0.22504033261341255;0.6824965683939896;0.4945193167127123;0.3816376877421098
0.5099377341739804;0.9664385120175276;0.20329178555097255;0.7080579696677496
0.5660931145496102;0.19790201425885015;0.4324615694549994;0.7222143712308722
0.6419027412834515;0.2971584317819074;0.19701989405881898;0.5219961362120933
0.6598705499571428;0.5819667550133576;0.6501887623642432;0.5160731138621026
0.3826158349158784;0.4075967583868598;0.2884227288023808;0.7456879401640157
0.06456900681860123;0.04865182827526275;0.6718561793185638;0.5936813252035631
0.9010976963991386;0.16625767120096405;0.5468657849533074;0.16153931786736264
0.7157215858505109;0.7910407092085975;0.33058809565153674;0.3492148278948831
0.36549023869892255;0.2254035847027013;0.6487144271007406;0.031864785690793526
0.19858910608050134;0.5091876807667715;0.9369037200943728;0.945287339207263
0.5262542680301977;0.3881335068279942;0.141565430403494;0.8769817866866738
0.34236179392651395;0.5733760240963562;0.7685804416121393;0.8172918292890293
0.22445372050606588;0.195187398733249;0.8919895792118668;0.33850628263373717
0.3107948153975704;0.49422242884201145;0.1816111110916649;0.3801038935886154
0.510355691024662;0.9565971396370612;0.6887929434907097;0.8459008898699728
0.7740161001689417;0.041501523287402045;0.8001444272442704;0.7538303272917465
0.4897320160451432;0.9175641090727432;0.34893098988609056;0.8425078679954233
0.5813022414589092;0.5854196188711048;0.0497795287897913;0.9157260634432801
0.9951603435176181;0.2563330727912478;0.3295150820012211;0.12221771360623462
0.09859834055321898;0.32380224834497573;0.4744786469389716;0.5454797169623868
0.4344170610822698;0.6976588108014116;0.22065881372628687;0.3681904495728795
0.40376127707329007;0.9213669287288571;0.6515012506681199;0.5365238640377289
0.3629635043079386;0.4440731036202862;0.39882692378381507;0.16265909323088235
0.63493306893876;0.7970102685078922;0.27882990571812616;0.1404936343512474
0.6656213099650188;0.5242328932534005;0.2099090266763338;0.8165016500543681
0.34156020884919064;0.11773948290726731;0.047350976161946605;0.7427481738916396
0.09885059575295331;0.5947035487446511;0.6594979687794951;0.08458085861583536
0.606684275241346;0.7689867018321961;0.45877087502460623;0.261382766865446
0.19177997346633424;0.31694856256916404;0.19438181504876093;0.33599595152655193
0.9025999352626625;0.9952287472666059;0.8136338936523294;0.6038606314390342
0.6871518627083067;0.26333402694728725;0.4904351830989766;0.7746292820723334
0.5070877279888885;0.8033919514074572;0.0632965130009961;0.7080574985493943
0.34717657472358726;0.6314036479880607;0.07052578223889905;0.4704678782159244
0.8423927862734869;0.5615846359812237;0.182092622113142;0.6080522752256373
0.8615019845630145;0.8487876514993528;0.6433542796769381;0.9665441574835079
0.7838505243481857;0.19898678508977077;0.04615990933681861;0.8569884145383783
0.3155337926895652;0.24491754494054668;0.29851723328823865;0.5842220280991887
0.02837416908691065;0.6289189079766636;0.6432622062794542;0.24414038850884062
0.8235014115339129;0.3788575129299141;0.7291860962780374;0.21490503769688896
0.6054105150747825;0.24894915742956894;0.6030402290228636;0.9607274005050681
0.38342624374512296;0.575981193245663;0.32749963937853566;0.15092682264517848
0.12458274696781436;0.6187085261337982;0.5347934464488516;0.18846542347271278
0.4632117307462262;0.41025504044430705;0.13338904826134987;0.11846631168099588
0.6150465140678422;0.25435750700569343;0.9995745606737568;0.3397195066540101
0.8691903089042351;0.3422993975870605;0.27525098231964606;0.7007873583000892
0.6587632876579835;0.446275720443542;0.953899360825692;0.8744379096801157
0.735364374562884;0.564057487075634;0.386383294412755;0.7054585093028393
0.14057381680607428;0.6406923854763891;0.8797805084911187;0.974352409067893
0.2808521832566006;0.9358318000813418;0.12569731973851886;0.39091542922639455
0.47553923615338806;0.19101336668200333;0.3577260415801051;1.012152324845988
0.07650092252370129;0.42009111438288227;0.5141931709393716;0.46536051293138025
0.685923750969162;0.9246314982736918;0.3634019326317276;0.10184713680365833
